t_s,Halpha_CR,Hbeta_CR,Halpha_over_Hbeta_CR,Halpha_QSS_new,Hbeta_QSS_new,Halpha_over_Hbeta_QSS_new,err_Halpha_frac,err_Hbeta_frac,err_Halpha_over_Hbeta_frac
0.0,679696113198371.4,166864288527711.8,4.073346784956276,189315803389491.25,50497644409428.81,3.749002663461716,2.5902766754236044,2.304397471984956,0.0865147748908426
1e-13,679712004296057.1,166863913498849.34,4.073451173735921,189315803389491.25,50497644409428.81,3.749002663461716,2.590360615049358,2.3043900453244284,0.08654261930414821
1.0533104453709382e-13,679712852344425.5,166863893617851.16,4.073456741343291,189315803389491.25,50497644409428.81,3.749002663461716,2.5903650945928147,2.3043896516229316,0.0865441043944161
1.1094628943275241e-13,679713745699633.6,166863872689110.06,4.073462606049136,189315803389491.25,50497644409428.81,3.749002663461716,2.5903698134551187,2.304389237173083,0.08654566873202049
1.1686088553466496e-13,679714686787614.8,166863850658075.0,4.0734687837237775,189315803389491.25,50497644409428.81,3.749002663461716,2.5903747844504834,2.3043888008946123,0.0865473165501726
1.2309079138896017e-13,679715678164788.8,166863827467425.75,4.073475291087154,189315803389491.25,50497644409428.81,3.749002663461716,2.5903800210823773,2.304388341652414,0.08654905230870902
1.2965281629896688e-13,679716722525144.2,166863803056939.72,4.0734821457545305,189315803389491.25,50497644409428.81,3.749002663461716,2.5903855375809304,2.304387858253904,0.08655088070628356
1.3656466567946123e-13,679717822707712.4,166863777363353.9,4.073489366284655,189315803389491.25,50497644409428.81,3.749002663461716,2.5903913489424144,2.3043873494462934,0.08655280669321211
1.4384498882876602e-13,679718981704457.2,166863750320219.88,4.0734969722305925,189315803389491.25,50497644409428.81,3.749002663461716,2.59039747097092,2.3043868139137085,0.08655483548503218
1.5151342924760515e-13,679720202668597.6,166863721857753.8,4.073504984193258,189315803389491.25,50497644409428.81,3.749002663461716,2.5904039203223133,2.304386250274228,0.08655697257678296
1.595906776404731e-13,679721488923396.9,166863691902680.06,4.073513423877921,189315803389491.25,50497644409428.81,3.749002663461716,2.590410714550667,2.304385657076781,0.0865592237580759
1.6809852774253655e-13,679722843971440.5,166863660378068.66,4.073522314153779,189315803389491.25,50497644409428.81,3.749002663461716,2.590417872157266,2.3043850327979305,0.08656159512898591
1.7705993512269016e-13,679724271504428.9,166863627203166.44,4.073531679116767,189315803389491.25,50497644409428.81,3.749002663461716,2.590425412642333,2.3043843758385294,0.08656409311680531
1.8649907912142943e-13,679725775413523.5,166863592293221.88,4.073541544155852,189315803389491.25,50497644409428.81,3.749002663461716,2.59043335655968,2.3043836845202517,0.086566724493726
1.9644142809066268e-13,679727359800265.8,166863555559303.28,4.073551936022906,189315803389491.25,50497644409428.81,3.749002663461716,2.590441725574384,2.304382957081992,0.08656949639547902
2.0691380811147902e-13,679729028988114.5,166863516908110.34,4.0735628829064705,189315803389491.25,50497644409428.81,3.749002663461716,2.590450542523729,2.304382191676132,0.08657241634100767
2.1794447537529878e-13,679730787534631.8,166863476241779.22,4.073574414509537,189315803389491.25,50497644409428.81,3.749002663461716,2.590459831481575,2.304381386364684,0.08657549225321723
2.295631924236905e-13,679732640244358.0,166863433457680.44,4.073586562131664,189315803389491.25,50497644409428.81,3.749002663461716,2.5904696178263653,2.304380539115287,0.08657873248087704
2.4180130845257183e-13,679734592182412.9,166863388448210.34,4.07359935875558,189315803389491.25,50497644409428.81,3.749002663461716,2.5904799283129702,2.3043796477970755,0.0865821458217212
2.54691843897454e-13,679736648688873.2,166863341100575.8,4.073612839138624,189315803389491.25,50497644409428.81,3.749002663461716,2.590490791148632,2.3043787101764184,0.0865857415468392
2.682695795279727e-13,679738815393967.1,166863291296571.88,4.073627039909239,189315803389491.25,50497644409428.81,3.749002663461716,2.590502236073224,2.304377723912514,0.08658952942641394
2.8257115029208324e-13,679741098234136.4,166863238912352.28,4.073641999668854,189315803389491.25,50497644409428.81,3.749002663461716,2.590514294444096,2.304376686552847,0.0865935197568986
2.9763514416313133e-13,679743503469021.0,166863183818194.2,4.0736577590994285,189315803389491.25,50497644409428.81,3.749002663461716,2.590526999325789,2.304375595528528,0.08659772338970162
3.135022062565112e-13,679746037699419.5,166863125878255.16,4.073674361077044,189315803389491.25,50497644409428.81,3.749002663461716,2.5905403855849025,2.304374448149483,0.08660215176148636
3.3021514849681755e-13,679748707886285.6,166863064950324.0,4.073691850791848,189315803389491.25,50497644409428.81,3.749002663461716,2.5905544899904425,2.304373241599517,0.08660681692616441
3.478190651314134e-13,679751521370827.5,166863000885565.12,4.07371027587477,189315803389491.25,50497644409428.81,3.749002663461716,2.5905693513199854,2.3043719729312526,0.08661173158869642
3.6636145440207235e-13,679754485895772.0,166862933528256.4,4.073729686531389,189315803389491.25,50497644409428.81,3.749002663461716,2.5905850104720023,2.30437063906094,0.08661690914079796
3.8589234670298993e-13,679757609627872.0,166862862715520.25,4.073750135683405,189315803389491.25,50497644409428.81,3.749002663461716,2.5906015105847455,2.3043692367631303,0.0866223636986769
4.064644395709628e-13,679760901181734.6,166862788277049.75,4.073771679118158,189315803389491.25,50497644409428.81,3.749002663461716,2.5906188971621136,2.304367762665252,0.0866281101429146
4.2813323987193956e-13,679764369645046.0,166862710034827.34,4.073794375646701,189315803389491.25,50497644409428.81,3.749002663461716,2.590637218206893,2.30436621324204,0.08663416416063084
4.5095721356761535e-13,679768024605293.4,166862627802838.62,4.07381828727097,189315803389491.25,50497644409428.81,3.749002663461716,2.59065652436191,2.3043645848098686,0.08664054229007367
4.749979434661403e-13,679771876178066.8,166862541386779.75,4.073843479360575,189315803389491.25,50497644409428.81,3.749002663461716,2.590676869059523,2.3043628735209585,0.0866472619677765
5.003202953825999e-13,679775935037052.6,166862450583759.44,4.073870020839875,189315803389491.25,50497644409428.81,3.749002663461716,2.590698308680058,2.3043610753574724,0.0866543415784576
5.269925931575657e-13,679780212445822.5,166862355181995.03,4.073897984385953,189315803389491.25,50497644409428.81,3.749002663461716,2.590720902719717,2.304359186125499,0.08666180050782843
5.550868030059811e-13,679784720291534.8,166862254960502.56,4.073927446638213,189315803389491.25,50497644409428.81,3.749002663461716,2.5907447139686015,2.3043572014489135,0.08666965919850027
5.846787276937602e-13,679789471120675.9,166862149688781.38,4.073958488420337,189315803389491.25,50497644409428.81,3.749002663461716,2.590769808699501,2.3043551167631344,0.08667793920918868
6.158482110660255e-13,679794478176972.8,166862039126490.84,4.07399119497545,189315803389491.25,50497644409428.81,3.749002663461716,2.590796256868155,2.3043529273087184,0.08668666327744072
6.486793534788508e-13,679799755441625.5,166861923023121.66,4.0740256562153325,189315803389491.25,50497644409428.81,3.749002663461716,2.5908241323257672,2.3043506281248547,0.08669585538610952
6.832607387157405e-13,679805317676007.2,166861801117657.62,4.074061966984659,189315803389491.25,50497644409428.81,3.749002663461716,2.5908535130445567,2.304348214042664,0.0867055408338368
7.196856730011528e-13,679811180467008.8,166861673138229.1,4.074100227341299,189315803389491.25,50497644409428.81,3.749002663461716,2.590884481357273,2.3043456796783386,0.08671574630981929
7.580524367559246e-13,679817360275193.2,166861538801755.03,4.074140542853744,189315803389491.25,50497644409428.81,3.749002663461716,2.590917124211561,2.304343019426051,0.08672649997314362
7.984645497739079e-13,679823874485961.9,166861397813571.7,4.074183024916913,189315803389491.25,50497644409428.81,3.749002663461716,2.5909515334402258,2.304340227450603,0.08673783153702395
8.410310505352605e-13,679830741463940.1,166861249867045.44,4.074227791087669,189315803389491.25,50497644409428.81,3.749002663461716,2.5909878060485094,2.30433729767976,0.08674977235829688
8.858667904100832e-13,679837980610793.4,166861094643165.28,4.074274965441382,189315803389491.25,50497644409428.81,3.749002663461716,2.5910260445194857,2.3043342237961766,0.08676235553252958
9.330927435461682e-13,679845612426726.2,166860931810110.84,4.07432467895119,189315803389491.25,50497644409428.81,3.749002663461716,2.5910663571389088,2.3043309992288457,0.08677561599518349
9.82836333277001e-13,679853658575914.9,166860761022789.28,4.074377069891601,189315803389491.25,50497644409428.81,3.749002663461716,2.59110885834084,2.3043276171439273,0.08678959062926991
1.0352317759307378e-12,679862141956150.0,166860581922334.38,4.074432284268272,189315803389491.25,50497644409428.81,3.749002663461716,2.5911536690755135,2.3043240704348285,0.0868043183799885
1.0904204429677527e-12,679871086772994.5,166860394135557.84,4.074490476276026,189315803389491.25,50497644409428.81,3.749002663461716,2.5912009172010495,2.304320351711337,0.08681984037689743
1.1485512424239391e-12,679880518618774.9,166860197274341.94,4.074551808787295,189315803389491.25,50497644409428.81,3.749002663461716,2.5912507379007033,2.3043164532875946,0.08683620006419972
1.2097810206889038e-12,679890464556752.5,166859990934959.34,4.074616453873404,189315803389491.25,50497644409428.81,3.749002663461716,2.591303274127471,2.304312367168628,0.08685344333978848
1.2742749857031321e-12,679900953210854.4,166859774697303.72,4.074684593361379,189315803389491.25,50497644409428.81,3.749002663461716,2.591358677078065,2.304308085035111,0.08687161870376962
1.342207152716012e-12,679912014861366.1,166859548124010.9,4.074756419429183,189315803389491.25,50497644409428.81,3.749002663461716,2.5914171066983807,2.3043035982259648,0.08689077741723325
1.4137608138073613e-12,679923681547021.5,166859310759446.06,4.0748321352425965,189315803389491.25,50497644409428.81,3.749002663461716,2.5914787322227504,2.3042988977182954,0.08691097367213368
1.4891290324394118e-12,679935987173963.9,166859062128527.97,4.0749119556372895,189315803389491.25,50497644409428.81,3.749002663461716,2.5915437327495003,2.304293974104115,0.0869322647732233
1.5685151643735446e-12,679948967632083.9,166858801735355.97,4.074996107849961,189315803389491.25,50497644409428.81,3.749002663461716,2.591612297855464,2.3042888175631506,0.08695471133307542
1.6521334063573686e-12,679962660919284.6,166858529061599.12,4.075084832302837,189315803389491.25,50497644409428.81,3.749002663461716,2.5916846282523753,2.3042834178309444,0.08697837748133957
1.7402093740624848e-12,679977107274270.5,166858243564598.12,4.075178383446315,189315803389491.25,50497644409428.81,3.749002663461716,2.591760936488282,2.3042777641612666,0.08700333108950578
1.8329807108324375e-12,679992349318486.4,166857944675124.38,4.075277030664884,189315803389491.25,50497644409428.81,3.749002663461716,2.591841447697293,2.304271845281738,0.08702964401254804
1.9306977288832456e-12,680008432207916.8,166857631794728.7,4.07538105925221,189315803389491.25,50497644409428.81,3.749002663461716,2.591926400401412,2.304265649341326,0.08705739234901642
2.03362408468667e-12,680025403795468.4,166857304292602.5,4.0754907714616415,189315803389491.25,50497644409428.81,3.749002663461716,2.592016047368267,2.3042591638481906,0.08708665672124545
2.142037490358383e-12,680043314804755.8,166856961501860.44,4.075606487639255,189315803389491.25,50497644409428.81,3.749002663461716,2.5921106565290803,2.3042523755960636,0.08711752257758135
2.2562304629706353e-12,680062219016148.0,166856602715139.88,4.075728547447179,189315803389491.25,50497644409428.81,3.749002663461716,2.5922105119613996,2.3042452705771117,0.08715008051868758
2.376511113811078e-12,680082173466012.2,166856227179395.62,4.0758573111857626,189315803389491.25,50497644409428.81,3.749002663461716,2.5923159149415365,2.3042378338788527,0.08718442665021706
2.50320397971732e-12,680103238660158.4,166855834089750.4,4.075993161224056,189315803389491.25,50497644409428.81,3.749002663461716,2.592427185072022,2.30423004956238,0.0872206629643753
2.6366508987303555e-12,680125478802573.2,166855422582241.84,4.0761365035490185,189315803389491.25,50497644409428.81,3.749002663461716,2.5925446614898204,2.304221900518729,0.0872588977531525
2.777211932429355e-12,680148962040605.2,166854991725281.12,4.076287769444971,189315803389491.25,50497644409428.81,3.749002663461716,2.5926687041614387,2.3042133682997363,0.08729924605629627
2.9252663374366476e-12,680173760727854.2,166854540509617.88,4.076447417315848,189315803389491.25,50497644409428.81,3.749002663461716,2.5927996952715575,2.3042044329193136,0.08734183014737545
3.0812135887140083e-12,680199951706121.0,166854067836573.16,4.0766159346642326,189315803389491.25,50497644409428.81,3.749002663461716,2.5929380407123386,2.3041950726204274,0.08738678006166263
3.2454744574113255e-12,680227616607851.1,166853572504276.84,4.07679384024226,189315803389491.25,50497644409428.81,3.749002663461716,2.593084171680989,2.3041852636025593,0.0874342341698609
3.4184921461759274e-12,680256842180636.8,166853053191608.94,4.076981686391142,189315803389491.25,50497644409428.81,3.749002663461716,2.593238546393836,2.3041749797036966,0.08748433980214353
3.6007334849856203e-12,680287720635429.4,166852508439512.06,4.077180061587445,189315803389491.25,50497644409428.81,3.749002663461716,2.5934016519256495,2.3041641920302665,0.08753725392734168
3.792690190732254e-12,680320350020242.0,166851936629303.6,4.077389593215904,189315803389491.25,50497644409428.81,3.749002663461716,2.5935740061836063,2.3041528685276527,0.0875931438925587
3.994880193954178e-12,680354834621242.4,166851335957576.56,4.077610950590342,189315803389491.25,50497644409428.81,3.749002663461716,2.593756160025932,2.3041409734831597,0.087652188228962
4.2078490362973985e-12,680391285393251.9,166850704407238.06,4.07784484824588,189315803389491.25,50497644409428.81,3.749002663461716,2.593948699535877,2.3041284669524913,0.08771457752993976
4.4321713424760856e-12,680429820421806.5,166850039714189.78,4.078092049527629,189315803389491.25,50497644409428.81,3.749002663461716,2.5941522484624047,2.3041153040999256,0.08778051540834103
4.6684523707037945e-12,680470565419058.9,166849339329116.8,4.0783533705027395,189315803389491.25,50497644409428.81,3.749002663461716,2.594367470839633,2.304101434441624,0.08785021953996447
4.9173296457790256e-12,680513654255942.8,166848600373803.44,4.078629684224722,189315803389491.25,50497644409428.81,3.749002663461716,2.5945950737978247,2.3040868009805586,0.08792392280101444
5.179474679231202e-12,680559229533147.5,166847819591358.88,4.078921925380642,189315803389491.25,50497644409428.81,3.749002663461716,2.594835810579376,2.304071339220833,0.08800187450768253
5.455594781168514e-12,680607443193585.5,166846993289696.88,4.079231095353603,189315803389491.25,50497644409428.81,3.749002663461716,2.5950904837739786,2.304054976048419,0.08808434176650173
5.746434968715974e-12,680658457179180.1,166846117277578.2,4.079558267734716,189315803389491.25,50497644409428.81,3.749002663461716,2.5953599487878933,2.3040376284646067,0.08817161094459572
6.052779976193355e-12,680712444134900.0,166845186792502.3,4.079904594319947,189315803389491.25,50497644409428.81,3.749002663461716,2.5956451175627833,2.304019202158058,0.088263989269265
6.375456372456494e-12,680769588163116.8,166844196419711.4,4.080271311628846,189315803389491.25,50497644409428.81,3.749002663461716,2.5959469625603675,2.3039995899008434,0.08836180656677538
6.715334791115135e-12,680830085631433.8,166843140001565.3,4.080659747982724,189315803389491.25,50497644409428.81,3.749002663461716,2.5962665210295173,2.3039786697538056,0.08846541715037493
7.073332279644439e-12,680894146037259.0,166842010536547.3,4.081071331180745,189315803389491.25,50497644409428.81,3.749002663461716,2.5966048995730846,2.303956303066583,0.08857520186779658
7.450414773728916e-12,680961992932436.2,166840800067182.72,4.081507596812227,189315803389491.25,50497644409428.81,3.749002663461716,2.5969632790319706,2.303932332258068,0.0886915703184607
7.847599703514622e-12,681033864911314.2,166839499556185.75,4.081970197243163,189315803389491.25,50497644409428.81,3.749002663461716,2.597342919704282,2.303906578363759,0.08881496325051817
8.265958738801796e-12,681110016665636.4,166838098750210.44,4.082460911313743,189315803389491.25,50497644409428.81,3.749002663461716,2.5977451669174503,2.303878838337631,0.08894585514754513
8.706620680585117e-12,681190720109623.8,166836586030654.72,4.08298165478201,189315803389491.25,50497644409428.81,3.749002663461716,2.5981714569711194,2.303848882097624,0.08908475701425825
9.170774506742931e-12,681276265578537.2,166834948251073.5,4.08353449154592,189315803389491.25,50497644409428.81,3.749002663461716,2.5986233234681677,2.3038164493059488,0.08923221936985955
9.659672580093842e-12,681366963103910.9,166833170560877.25,4.08412164567286,189315803389491.25,50497644409428.81,3.749002663461716,2.599102404050717,2.303781245877808,0.08938883545676246
1.0174634027476084e-11,681463143768443.6,166831236215147.3,4.08474551426102,189315803389491.25,50497644409428.81,3.749002663461716,2.5996104475569157,2.3037429402151863,0.08955524467120257
1.0717048298967092e-11,681565161143308.6,166829126370569.97,4.085408681151868,189315803389491.25,50497644409428.81,3.749002663461716,2.6001493216130616,2.303701159165753,0.08973213622087028
1.1288378916846884e-11,681673392810286.6,166826819867689.3,4.086113931506476,189315803389491.25,50497644409428.81,3.749002663461716,2.6007210206737854,2.3036554837108354,0.08992025301296559
1.1890167424419899e-11,681788241970733.9,166824292999889.9,4.0868642672514355,189315803389491.25,50497644409428.81,3.749002663461716,2.6013276745209075,2.3036054443906067,0.0901203957742052
1.2524037545350744e-11,681910139142851.1,166821519269746.28,4.087662923391911,189315803389491.25,50497644409428.81,3.749002663461716,2.6019715572287154,2.303550516479096,0.09033342740212577
1.3191699564735743e-11,682039543948114.0,166818469133604.03,4.088513385180823,189315803389491.25,50497644409428.81,3.749002663461716,2.60265509660021,2.3034901149261535,0.09056027754475184
1.389495494373136e-11,682176946986951.0,166815109735480.44,4.089419406123836,189315803389491.25,50497644409428.81,3.749002663461716,2.6033808840747734,2.3034235890879113,0.09080194740320337
1.46357011801908e-11,682322871802897.6,166811404631573.62,4.090385026790605,189315803389491.25,50497644409428.81,3.749002663461716,2.604151685103182,2.3033502172712628,0.09105951474936175
1.5415936928422734e-11,682477876933417.8,166807313506838.62,4.091414594393298,189315803389491.25,50497644409428.81,3.749002663461716,2.6049704499804136,2.3032692011212452,0.09133413914819909
1.6237767391887175e-11,682642558044435.2,166802791885204.7,4.092512783084809,189315803389491.25,50497644409428.81,3.749002663461716,2.605840325120624,2.303179659882504,0.09162706737207427
1.710341000337838e-11,682817550144303.2,166797790835050.5,4.093684614921276,189315803389491.25,50497644409428.81,3.749002663461716,2.606764664751732,2.3030806245668436,0.09193963899222496
1.8015200408020238e-11,683003529871475.2,166792256671507.34,4.094935481427243,189315803389491.25,50497644409428.81,3.749002663461716,2.607747042999307,2.3029710320579677,0.09227329213100725
1.8975598765218504e-11,683201217848540.9,166786130656992.12,4.096271165697789,189315803389491.25,50497644409428.81,3.749002663461716,2.6087912663210067,2.302849719181162,0.0926295693573648
1.9987196386572526e-11,683411381093525.0,166779348701070.97,4.097697864970356,189315803389491.25,50497644409428.81,3.749002663461716,2.609901386243493,2.302715416759723,0.09301012370758496
2.105272272765703e-11,683634835477483.9,166771841060291.53,4.099222213601009,189315803389491.25,50497644409428.81,3.749002663461716,2.611081712343893,2.302566743670765,0.09341672481392975
2.2175052752539296e-11,683872448215423.9,166763532037980.44,4.10085130638557,189315803389491.25,50497644409428.81,3.749002663461716,2.6123368254072816,2.3024022009003398,0.0938512651252606
2.3357214690901212e-11,684125140375496.6,166754339683171.1,4.102592722176326,189315803389491.25,50497644409428.81,3.749002663461716,2.6136715906806955,2.3022201655813292,0.09431576620650244
2.4602398208697778e-11,684393889389282.1,166744175486784.25,4.104454547760354,189315803389491.25,50497644409428.81,3.749002663461716,2.615091171132902,2.3020188849769423,0.09481238510789007
2.5913963014396624e-11,684679731543828.5,166732944071940.16,4.106445401986126,189315803389491.25,50497644409428.81,3.749002663461716,2.616601040617798,2.301796470347994,0.09534342080044243
2.7295447924020018e-11,684983764434005.2,166720542873821.9,4.108574460151664,189315803389491.25,50497644409428.81,3.749002663461716,2.61820699682818,2.30155089061327,0.0959113206811996
2.8750580409448774e-11,685307149351729.8,166706861802853.12,4.110851478700207,189315803389491.25,50497644409428.81,3.749002663461716,2.619915173916065,2.301279965679468,0.09651868716048613
3.0283286655749455e-11,685651113586792.0,166691782883108.62,4.1132868203083515,189315803389491.25,50497644409428.81,3.749002663461716,2.6217320546460616,2.3009813592806774,0.09716828435386234
3.189770215466325e-11,686016952612459.1,166675179855861.7,4.115891479497528,189315803389491.25,50497644409428.81,3.749002663461716,2.6236644819401236,2.3006525711274652,0.09786304491366726
3.359818286283788e-11,686406032127834.1,166656917736005.66,4.118677108952307,189315803389491.25,50497644409428.81,3.749002663461716,2.625719669665654,2.300290928122735,0.0986060770491009
3.538931695490984e-11,686819789928226.4,166636852306797.0,4.121656046789186,189315803389491.25,50497644409428.81,3.749002663461716,2.627905212515138,2.299893574356172,0.0994006717998361
3.727593720314938e-11,687259737574676.5,166614829535961.2,4.124841345087727,189315803389491.25,50497644409428.81,3.749002663461716,2.630229094824873,2.299457459541444,0.10025031064634479
3.9263134017068395e-11,687727461834338.2,166590684893705.06,4.128246800072585,189315803389491.25,50497644409428.81,3.749002663461716,2.6326996981833233,2.298979325510867,0.10115867356058002
4.1356269178176977e-11,688224625864890.4,166564242550594.38,4.131886984421882,189315803389491.25,50497644409428.81,3.749002663461716,2.635325807687395,2.2984556903310494,0.10212964762383561
4.356099030694617e-11,688752970118499.5,166535314430581.97,4.135777282274848,189315803389491.25,50497644409428.81,3.749002663461716,2.638116616717332,2.297882829550102,0.10316733636459884
4.58832461010084e-11,689314312944359.1,166503699091716.03,4.139933927621997,189315803389491.25,50497644409428.81,3.749002663461716,2.6410817301194327,2.297256754032408,0.10427606999865578
4.832930238571752e-11,689910550873422.6,166469180404204.5,4.144374046885123,189315803389491.25,50497644409428.81,3.749002663461716,2.644231165710062,2.296573183780464,0.10546041678677634
5.0905759020366863e-11,690543658574782.0,166431525992565.2,4.14911570663379,189315803389491.25,50497644409428.81,3.749002663461716,2.647575354045237,2.2958275170849247,0.10672519576249682
5.361956770568805e-11,691215688480163.9,166390485405556.72,4.1541779675406865,189315803389491.25,50497644409428.81,3.749002663461716,2.6511251364371446,2.295014794283922,0.10807549112404301
5.647805074067546e-11,691928770081178.4,166345787974480.8,4.159580945850745,189315803389491.25,50497644409428.81,3.749002663461716,2.6548917612420873,2.2941296553512323,0.10951666863045478
5.948892077934331e-11,692685108913089.9,166297140317327.75,4.165345883827648,189315803389491.25,50497644409428.81,3.749002663461716,2.658886878492576,2.2931662904711074,0.11105439439231896
6.266030164072656e-11,693486985248753.6,166244223443168.22,4.171495230845282,189315803389491.25,50497644409428.81,3.749002663461716,2.6631225329984707,2.2921183826968266,0.11269465650191046
6.600075022827102e-11,694336752536609.0,166186689408295.3,4.178052737007894,189315803389491.25,50497644409428.81,3.749002663461716,2.6676111560961795,2.290979041732594,0.1144437900052079
6.95192796177559e-11,695236835626726.4,166124157473029.53,4.185043561407371,189315803389491.25,50497644409428.81,3.749002663461716,2.6723655562783213,2.289740727827122,0.1163085057781814
7.322538337604526e-11,696189728838330.4,166056209706005.88,4.19249439735436,189315803389491.25,50497644409428.81,3.749002663461716,2.6773989089860377,2.288395164725747,0.11829592393064264
7.712906117627992e-11,697197993930136.6,165982385981377.06,4.2004336171451415,189315803389491.25,50497644409428.81,3.749002663461716,2.6827247458879464,2.2869332406005296,0.12041361242101321
8.124084577862974e-11,698264258040508.9,165902178313946.6,4.208891439141575,189315803389491.25,50497644409428.81,3.749002663461716,2.6883569439996835,2.2853448958694336,0.12266963162283044
8.55718314494002e-11,699391211666904.5,165815024478076.0,4.217900120138858,189315803389491.25,50497644409428.81,3.749002663461716,2.6943097150109714,2.2836189968321645,0.12507258563646265
9.01337038951742e-11,700581606752426.5,165720300858619.5,4.227494176166815,189315803389491.25,50497644409428.81,3.749002663461716,2.7005975951784444,2.2817431940979125,0.12763168118511675
9.49387717927582e-11,701838254940640.2,165617314486509.0,4.2377106350061675,189315803389491.25,50497644409428.81,3.749002663461716,2.7072354361072777,2.279703764866808,0.1303567949704237
1e-10,703164026047372.1,165505294218397.88,4.2485893237922,189315803389491.25,50497644409428.81,3.749002663461716,2.7142383966789545,2.2774854382612566,0.133258550387153
1.0533104453709382e-10,704561846779398.2,165383381029525.8,4.260173195114527,189315803389491.25,50497644409428.81,3.749002663461716,2.721621936283148,2.2750712030964713,0.13634840450628316
1.1094628943275241e-10,706034699704443.0,165250617402370.1,4.272508694992124,189315803389491.25,50497644409428.81,3.749002663461716,2.7294018093770736,2.2724420977449564,0.13963874622778147
1.1686088553466498e-10,707585622444892.9,165105935811548.72,4.285646175995322,189315803389491.25,50497644409428.81,3.749002663461716,2.7375940612265355,2.2695769821041494,0.14314300647577707
1.2309079138896019e-10,709217707029569.8,164948146328851.3,4.299640358586554,189315803389491.25,50497644409428.81,3.749002663461716,2.74621502448188,2.2664522921400376,0.1468757812554862
1.296528162989669e-10,710934099294977.0,164775923402425.06,4.314550843442665,189315803389491.25,50497644409428.81,3.749002663461716,2.755281316015271,2.2630417780766514,0.1508529683088404
1.3656466567946067e-10,712737998181272.5,164587791902413.56,4.330442677084245,189315803389491.25,50497644409428.81,3.749002663461716,2.7648098332018907,2.259316228059186,0.1550919179891019
1.438449888287666e-10,714632654721034.6,164382112573272.25,4.347386972548438,189315803389491.25,50497644409428.81,3.749002663461716,2.7748177485784224,2.2552431800676067,0.15961159881764186
1.5151342924760515e-10,716621370473458.5,164157067092127.12,4.36546158607525,189315803389491.25,50497644409428.81,3.749002663461716,2.785322501572193,2.2507866260287592,0.16443277798162848
1.5959067764047309e-10,718707495116025.8,163910643004375.06,4.384751849804178,189315803389491.25,50497644409428.81,3.749002663461716,2.796341785779943,2.2459067134975115,0.169578216771772
1.6809852774253654e-10,720894422873183.8,163640618893450.38,4.405351359264733,189315803389491.25,50497644409428.81,3.749002663461716,2.807893530103467,2.2405594519750656,0.1750728806356633
1.7705993512268945e-10,723185587440522.0,163344550241975.3,4.427362812957087,189315803389491.25,50497644409428.81,3.749002663461716,2.819995871938208,2.23469643291868,0.18094416312550535
1.8649907912142944e-10,725584455056168.6,163019756556258.62,4.4508988995193794,189315803389491.25,50497644409428.81,3.749002663461716,2.832667120575129,2.2282645747693515,0.18722212253899906
1.9644142809066266e-10,728094515381072.5,162663310454073.25,4.476083225827649,189315803389491.25,50497644409428.81,3.749002663461716,2.8459257090287284,2.221205906858125,0.19393972947849777
2.0691380811147902e-10,730719269878019.2,162272029554141.5,4.503051276832754,189315803389491.25,50497644409428.81,3.749002663461716,2.8597901326529236,2.2134574087943477,0.20113312287561094
2.179444753752988e-10,733462217426034.5,161842472150321.25,4.531951394963777,189315803389491.25,50497644409428.81,3.749002663461716,2.874278873153747,2.2049509248019965,0.20884187123492443
2.295631924236905e-10,736326836971689.0,161370937797594.97,4.562945763476025,189315803389491.25,50497644409428.81,3.749002663461716,2.889410306950433,2.1956131753239587,0.21710923492989412
2.418013084525718e-10,739316567099886.5,160853474071805.0,4.59621137414698,189315803389491.25,50497644409428.81,3.749002663461716,2.905202597264658,2.1853658908844227,0.22598242432374724
2.54691843897454e-10,742434782501277.4,160285890879494.0,4.63194095517399,189315803389491.25,50497644409428.81,3.749002663461716,2.9216735698172003,2.174126095465272,0.23551284727469227
2.6826957952797273e-10,745684767418164.4,159663783774736.88,4.670343829945936,189315803389491.25,50497644409428.81,3.749002663461716,2.9388405725644597,2.1618065682470684,0.24575633820261975
2.8257115029208326e-10,749069686261956.1,158982567771037.25,4.711646671481289,189315803389491.25,50497644409428.81,3.749002663461716,2.956720320494577,2.1483165131827886,0.2567733593261032
2.976351441631313e-10,752592551709526.6,158237523101279.06,4.756094110673319,189315803389491.25,50497644409428.81,3.749002663461716,2.9753287271066897,2.133562465177748,0.268629162904271
3.1350220625651124e-10,756256190700294.0,157423854259823.56,4.80394914897786,189315803389491.25,50497644409428.81,3.749002663461716,2.9946807248014093,2.117449459294575,0.28139390131615366
3.3021514849681754e-10,760063208868498.8,156536763441084.12,4.855493317737877,189315803389491.25,50497644409428.81,3.749002663461716,3.0147900770057383,2.0998824850502515,0.2951426695585382
3.4781906513141337e-10,764015954054924.0,155571539153235.1,4.911026516889971,189315803389491.25,50497644409428.81,3.749002663461716,3.03566918543544,2.080768241224874,0.3099554622229255
3.6636145440207237e-10,768116479648856.5,154523660322806.56,4.970866455300296,189315803389491.25,50497644409428.81,3.749002663461716,3.0573288964607057,2.060017197434941,0.3259170242120734
3.858923467029899e-10,772366508614515.8,153388915610177.0,5.0353476034566285,189315803389491.25,50497644409428.81,3.749002663461716,3.0797783110873094,2.037545956926588,0.34311657138358503
4.0646443957096276e-10,776767399156313.4,152163536929630.0,5.104819556839951,189315803389491.25,50497644409428.81,3.749002663461716,3.1030246035943505,2.0132799006604425,0.3616473539995606
4.281332398719396e-10,781320113072977.5,150844345322755.5,5.179644695339548,189315803389491.25,50497644409428.81,3.749002663461716,3.1270728543750717,1.9871560760285714,0.381606032404581
4.5095721356761353e-10,786025187938978.9,149428906394232.44,5.260195011166309,189315803389491.25,50497644409428.81,3.749002663461716,3.151925902994163,1.959126274934349,0.4030918309108918
4.749979434661402e-10,790882714327659.1,147915691520940.06,5.3468479658609835,189315803389491.25,50497644409428.81,3.749002663461716,3.1775842278762467,1.929160226200998,0.42620543270669886
5.003202953825999e-10,795892319346281.0,146304240038614.0,5.439981227722598,189315803389491.25,50497644409428.81,3.749002663461716,3.20404585933506,1.8972488073383555,0.4510475761304162
5.269925931575657e-10,801053157778587.4,144595316657055.47,5.539966136513871,189315803389491.25,50497644409428.81,3.749002663461716,3.231306332786865,1.8634071618211352,0.4777173114618257
5.550868030059811e-10,806363912112927.8,142791057527762.25,5.647159745673498,189315803389491.25,50497644409428.81,3.749002663461716,3.259358688899018,1.8276775916521881,0.5063098782808229
5.846787276937577e-10,811822802659848.1,140895097766016.56,5.7618953074438135,189315803389491.25,50497644409428.81,3.749002663461716,3.2881935270328926,1.7901320826701559,0.5369141674931361
6.158482110660255e-10,817427608818361.0,138912672893768.67,5.884471098209133,189315803389491.25,50497644409428.81,3.749002663461716,3.317799117576128,1.750874313413146,0.5696097406278152
6.486793534788507e-10,823175702322088.1,136850686695900.27,6.015137535636119,189315803389491.25,50497644409428.81,3.749002663461716,3.3481615775547127,1.7100409988697967,0.6044633934940772
6.832607387157405e-10,829064092975158.0,134717738433832.08,6.154082622032442,189315803389491.25,50497644409428.81,3.749002663461716,3.3792651122181945,1.6678024293877334,0.6415252733776262
7.196856730011529e-10,835089486967017.2,132524103279472.98,6.301415865504419,189315803389491.25,50497644409428.81,3.749002663461716,3.411092323068959,1.624362083208942,0.6808245902087147
7.580524367559246e-10,841248357334857.2,130281661233237.6,6.457150986344939,189315803389491.25,50497644409428.81,3.749002663461716,3.4436245800573992,1.5799552188401025,0.7223650037054388
7.984645497739078e-10,847537025528316.4,128003771651354.75,6.6211879118434265,189315803389491.25,50497644409428.81,3.749002663461716,3.476842452421288,1.534846390328935,0.7661198207124295
8.410310505352605e-10,853951752337327.2,125705092769700.03,6.793294794363048,189315803389491.25,50497644409428.81,3.749002663461716,3.5107261889829604,1.4893258733119965,0.8120271987457922
8.858667904100832e-10,860488835692494.0,123401348173215.52,6.9730910434191244,189315803389491.25,50497644409428.81,3.749002663461716,3.545256234748435,1.4437050404310399,0.8599856200103049
9.330927435461683e-10,867144712068303.0,121109044883308.73,7.160032621046729,189315803389491.25,50497644409428.81,3.749002663461716,3.5804137665373448,1.3983107786448652,0.909849969120953
9.82836333277001e-10,873916057450859.0,118845150451618.61,7.353401078040847,189315803389491.25,50497644409428.81,3.749002663461716,3.616181226312612,1.3534790947481918,0.9614286086558653
1.0352317759307377e-09,880799883118268.4,116626738969401.9,7.552297962728378,189315803389491.25,50497644409428.81,3.749002663461716,3.6525428271095977,1.309548105329555,1.0144818877655355
1.0904204429677525e-09,887793620872695.6,114470618035877.11,7.755646261946847,189315803389491.25,50497644409428.81,3.749002663461716,3.6894850032470994,1.2668506496612622,1.0687225265360352
1.1485512424239346e-09,894895191910610.0,112392950298261.55,7.9622003829937,189315803389491.25,50497644409428.81,3.749002663461716,3.726996774112334,1.2257067950931149,1.1238182785502862
1.2097810206889037e-09,902103053273247.0,110408884035071.47,8.17056581231899,189315803389491.25,50497644409428.81,3.749002663461716,3.7650699895205997,1.1864165215289955,1.1793971746007073
1.2742749857031322e-09,909416215830836.4,108532207305260.08,8.379228971847889,189315803389491.25,50497644409428.81,3.749002663461716,3.803699424711193,1.1492528725754816,1.2350554864932426
1.342207152716012e-09,916834228062548.6,106775039393166.89,8.58659695443036,189315803389491.25,50497644409428.81,3.749002663461716,3.842882694670176,1.114455845255825,1.2903683259861318
1.4137608138073614e-09,924357120529848.5,105147571675627.12,8.791045820643632,189315803389491.25,50497644409428.81,3.749002663461716,3.8826199608286833,1.0822272584262207,1.344902527363436
1.4891290324394057e-09,931985306921497.5,103657867723292.25,8.990975093269041,189315803389491.25,50497644409428.81,3.749002663461716,3.9229134083648884,1.0527267942014633,1.3982311831614025
1.568515164373551e-09,939719438875495.2,102311729583168.36,9.184865144045924,189315803389491.25,50497644409428.81,3.749002663461716,3.9637664793474827,1.026069349960905,1.4499489513738824
1.6521334063573686e-09,947560213441393.9,101112633977382.0,9.37133349382783,189315803389491.25,50497644409428.81,3.749002663461716,4.005182855717116,1.0023237748987448,1.499687072821288
1.740209374062485e-09,955508134002183.2,100061738821203.9,9.549185785283427,189315803389491.25,50497644409428.81,3.749002663461716,4.04716519643295,0.9815129990998271,1.5471269674868666
1.8329807108324374e-09,963563227676096.4,99157957238187.56,9.717457423628836,189315803389491.25,50497644409428.81,3.749002663461716,4.0897136447383495,0.9636154992543177,1.5920113416660069
1.9306977288832458e-09,971724724595394.8,98398093336035.53,9.875442619369617,189315803389491.25,50497644409428.81,3.749002663461716,4.1328241340539575,0.9485679874141386,1.6341519347577442
2.0336240846866703e-09,979990706923965.4,97777031566719.9,10.022708720250431,189315803389491.25,50497644409428.81,3.749002663461716,4.176486534025737,0.9362691608732384,1.6734333421347223
2.142037490358383e-09,988357737925521.8,97287969639017.38,10.159095123403013,189315803389491.25,50497644409428.81,3.749002663461716,4.220682691196738,0.9265843145121433,1.7098127249721422
2.2562304629706353e-09,996820483712687.0,96922683735323.33,10.284697506259798,189315803389491.25,50497644409428.81,3.749002663461716,4.265384431017974,0.919350592861043,1.7433156040394
2.376511113811078e-09,1005371342366894.5,96671814209665.75,10.399839400824778,189315803389491.25,50497644409428.81,3.749002663461716,4.310551598793267,0.9143826477501076,1.7740282774891065
2.5032039797173203e-09,1014000096786081.9,96525159970851.06,10.505034097765726,189315803389491.25,50497644409428.81,3.749002663461716,4.356130225958559,0.9114784679506375,1.8020876592458042
2.6366508987303554e-09,1022693608756774.4,96471970316350.48,10.600940412050896,189315803389491.25,50497644409428.81,3.749002663461716,4.402050914115832,0.9104251583334736,1.8276694800377407
2.777211932429355e-09,1031435572230741.6,96501223997562.1,10.68831595604216,189315803389491.25,50497644409428.81,3.749002663461716,4.448227531796195,0.9110044661715664,1.8509758235735396
2.925266337436636e-09,1040206343500500.2,96601886681055.75,10.767971301998301,189315803389491.25,50497644409428.81,3.749002663461716,4.4945563174164525,0.912997879620271,1.8722228999580066
3.0812135887140084e-09,1048982864823616.6,96763139641779.03,10.840727871243045,189315803389491.25,50497644409428.81,3.749002663461716,4.54091547584899,0.9161911565069285,1.8916298131495706
3.2454744574113254e-09,1057738695989126.5,96974574404667.38,10.907381676925592,189315803389491.25,50497644409428.81,3.749002663461716,4.587165345161251,0.9203781787999697,1.9094088897909833
3.418492146175927e-09,1066444165340358.4,97226350061559.89,10.96867428084185,189315803389491.25,50497644409428.81,3.749002663461716,4.633149194345366,0.9253640679406819,1.9257579323013085
3.6007334849856202e-09,1075066647907555.5,97509312044911.03,11.025271590598436,189315803389491.25,50497644409428.81,3.749002663461716,4.678694692464493,0.9309675369076087,1.94085456328218
3.792690190732238e-09,1083570973655958.8,97815073141203.56,11.07775048219553,189315803389491.25,50497644409428.81,3.749002663461716,4.72361606509236,0.9370224945173827,1.954852657257562
3.9948801939541785e-09,1091919963568479.6,98136059366042.67,11.126592718540612,189315803389491.25,50497644409428.81,3.749002663461716,4.767716925998007,0.9433789538848056,1.9678807185126541
4.2078490362973985e-09,1100075085553798.0,98465524884319.92,11.172185258202779,189315803389491.25,50497644409428.81,3.749002663461716,4.810793741769907,0.9499033278854221,1.980041963450279
4.4321713424760855e-09,1107997216237764.0,98797541332882.03,11.214825807299698,189315803389491.25,50497644409428.81,3.749002663461716,4.8526398557346635,0.9564782177133546,1.9914158014879257
4.668452370703794e-09,1115647488825297.5,99126967601713.2,11.254732347991403,189315803389491.25,50497644409428.81,3.749002663461716,4.893049966515506,0.9630018144609618,2.0020603766653826
4.917329645779006e-09,1122988201697851.5,99449406302792.31,11.292055362087371,189315803389491.25,50497644409428.81,3.749002663461716,4.931824927406919,0.9693870370757993,2.0120158281404437
5.179474679231223e-09,1129983757532937.8,99761152804726.3,11.326891538079776,189315803389491.25,50497644409428.81,3.749002663461716,4.968776706972273,0.9755605230983627,2.0213079463701593
5.455594781168515e-09,1136601598793268.2,100059141894108.94,11.359297884006605,189315803389491.25,50497644409428.81,3.749002663461716,5.00373333046511,0.9814615724021002,2.0299519375421755
5.746434968715974e-09,1142813102722989.2,100340895952583.23,11.389305346277087,189315803389491.25,50497644409428.81,3.749002663461716,5.036543607359647,0.9870411209487585,2.0379560562276438
6.0527799761933555e-09,1148594397781357.0,100604477162958.94,11.416931235782538,189315803389491.25,50497644409428.81,3.749002663461716,5.067081443899757,0.992260794330721,2.0453249198922916
6.3754563724564936e-09,1153927063987704.2,100848444848897.66,11.44218996848832,189315803389491.25,50497644409428.81,3.749002663461716,5.095249542446585,0.9970920629728909,2.052062373816226
6.715334791115135e-09,1158798682148199.5,101071817776213.4,11.465101822091848,189315803389491.25,50497644409428.81,3.749002663461716,5.120982302592724,1.0015154955889682,2.0581738268239365
7.073332279644438e-09,1163203201517233.2,101274040237506.16,11.485699580951929,189315803389491.25,50497644409428.81,3.749002663461716,5.1442477632155335,1.0055200875587076,2.063668023736846
7.450414773728917e-09,1167141102142853.0,101454950097938.67,11.50403308085178,189315803389491.25,50497644409428.81,3.749002663461716,5.165048460014828,1.0091026281415063,2.068558257632525
7.847599703514623e-09,1170619336844488.8,101614746735943.84,11.520171770800758,189315803389491.25,50497644409428.81,3.749002663461716,5.183421119028823,1.012267065609313,2.072863053173555
8.265958738801796e-09,1173651048184546.0,101753956951059.12,11.534205483026474,189315803389491.25,50497644409428.81,3.749002663461716,5.1994351616273695,1.0150238321227483,2.076606371993381
8.706620680585118e-09,1176255067436259.8,101873397367743.94,11.54624364975479,189315803389491.25,50497644409428.81,3.749002663461716,5.213190057970367,1.0173890992175143,2.0798174037820862
9.17077450674293e-09,1178455214729249.8,101974132542029.72,11.556413232969028,189315803389491.25,50497644409428.81,3.749002663461716,5.224811630251174,1.0193839481944098,2.0825300140753122
9.659672580093803e-09,1180279431406494.0,102057428764094.77,11.5648556474483,189315803389491.25,50497644409428.81,3.749002663461716,5.234447469650652,1.0210334552761597,2.0847819235128684
1.0174634027476064e-08,1181758786171232.0,102124704331152.53,11.571722962734135,189315803389491.25,50497644409428.81,3.749002663461716,5.242261686627004,1.0223657068662004,2.0866136947603966
1.0717048298967093e-08,1182926404836858.2,102177477741392.47,11.57717366865135,189315803389491.25,50497644409428.81,3.749002663461716,5.248429257662921,1.0234107736382672,2.08806760301454
1.1288378916846883e-08,1183816378510346.5,102217315753717.88,11.581368281697305,189315803389491.25,50497644409428.81,3.749002663461716,5.253130258094761,1.0241996819683747,2.0891864640617293
1.1890167424419898e-08,1184462706158363.5,102245783520285.19,11.584465054476993,189315803389491.25,50497644409428.81,3.749002663461716,5.256544276557273,1.0247634264142838,2.090012489823159
1.2524037545350719e-08,1184898324387215.2,102264399009919.98,11.586616025311763,189315803389491.25,50497644409428.81,3.749002663461716,5.258845290107397,1.0251320671667883,2.0905862346368753
1.3191699564735717e-08,1185154270006764.2,102274593710045.8,11.587963608701717,189315803389491.25,50497644409428.81,3.749002663461716,5.260197240736803,1.025333951833787,2.090945685805872
1.389495494373136e-08,1185259010104658.0,102277681158614.45,11.58863787952459,189315803389491.25,50497644409428.81,3.749002663461716,5.260750496703914,1.025395092281124,2.0911255391917996
1.4635701180190798e-08,1185237960926235.0,102274834272576.55,11.588754646792312,189315803389491.25,50497644409428.81,3.749002663461716,5.2606393111713485,1.025338715670468,2.091156685413396
1.5415936928422702e-08,1185113202167194.0,102267071776899.22,11.588414350540694,189315803389491.25,50497644409428.81,3.749002663461716,5.2599803130485965,1.025184995714456,2.0910659156054856
1.623776739188721e-08,1184903378842753.2,102255253375124.72,11.587701753531624,189315803389491.25,50497644409428.81,3.749002663461716,5.2588719886473365,1.0249509570397275,2.0908758391843576
1.7103410003378377e-08,1184623770172562.5,102240082712614.83,11.586686343969461,189315803389491.25,50497644409428.81,3.749002663461716,5.257395045543883,1.0246505338677694,2.0906049912673743
1.8015200408020238e-08,1184286495153996.5,102222116727893.02,11.585423321906658,189315803389491.25,50497644409428.81,3.749002663461716,5.255613498454166,1.0242947551986468,2.090268095784447
1.8975598765218503e-08,1183900818515523.8,102201779706442.4,11.583955014443797,189315803389491.25,50497644409428.81,3.749002663461716,5.253576285334249,1.0238920231170132,2.089876442965106
1.9987196386572485e-08,1183473518851770.8,102179380260355.69,11.58231255500131,189315803389491.25,50497644409428.81,3.749002663461716,5.251319211935712,1.0234484490384856,2.0894383372634233
2.105272272765707e-08,1183009282701104.0,102155129545790.06,11.580517669167374,189315803389491.25,50497644409428.81,3.749002663461716,5.248867033394063,1.022968214468156,2.0889595737108047
2.2175052752539297e-08,1182511093415183.0,102129159265089.28,11.57858443097357,189315803389491.25,50497644409428.81,3.749002663461716,5.246235508307402,1.022453927494882,2.0884439063807583
2.3357214690901214e-08,1181980590837364.5,102101538332890.12,11.576520884373505,189315803389491.25,50497644409428.81,3.749002663461716,5.2434332986222065,1.0219069528285947,2.087893480898222
2.4602398208697727e-08,1181418385866793.0,102072287460268.12,11.574330459936668,189315803389491.25,50497644409428.81,3.749002663461716,5.240463631217237,1.0213277006087318,2.0873092123250934
2.5913963014396573e-08,1180824321817121.2,102041391275697.52,11.572013151278446,189315803389491.25,50497644409428.81,3.749002663461716,5.237325678447126,1.0207158664344462,2.0866910989583554
2.7295447924020074e-08,1180197681196401.2,102008807914837.53,11.569566445494532,189315803389491.25,50497644409428.81,3.749002663461716,5.234015650390827,1.0200706212702204,2.086038470511926
2.8750580409448774e-08,1179537341587075.2,101974476247092.72,11.566986024316098,189315803389491.25,50497644409428.81,3.749002663461716,5.230527618237656,1.0193907545527463,2.085350175141111
3.0283286655749455e-08,1178841887502869.5,101938321056546.44,11.564266266941472,189315803389491.25,50497644409428.81,3.749002663461716,5.226854105135451,1.018674776788454,2.084624713566721
3.1897702154663183e-08,1178109686567451.8,101900256563934.95,11.561400592041435,189315803389491.25,50497644409428.81,3.749002663461716,5.2229864885798944,1.0179209892988266,2.0838603303007486
3.3598182862837814e-08,1177338938441043.5,101860188680712.36,11.558381676785343,189315803389491.25,50497644409428.81,3.749002663461716,5.218915258853643,1.01712752885743,2.083055072068869
3.538931695490984e-08,1176527704061411.0,101818016346687.16,11.555201586872121,189315803389491.25,50497644409428.81,3.749002663461716,5.21463017348249,1.0162923941790027,2.082206822494598
3.7275937203149377e-08,1175673921407689.2,101773632239806.36,11.551851845451303,189315803389491.25,50497644409428.81,3.749002663461716,5.210120340502698,1.015413459975242,2.0813133204831256
3.92631340170684e-08,1174775412504070.2,101726923077437.62,11.548323462116272,189315803389491.25,50497644409428.81,3.749002663461716,5.205374255455744,1.0144884829210645,2.080372167954903
4.135626917817706e-08,1173829885005322.5,101677769664607.11,11.54460693696667,189315803389491.25,50497644409428.81,3.749002663461716,5.200379809763313,1.0135151026098566,2.0793808309292388
4.356099030694608e-08,1172834930580532.2,101626046792318.81,11.540692249668206,189315803389491.25,50497644409428.81,3.749002663461716,5.195124282189932,1.0124908395399017,2.0783366366061413
4.58832461010084e-08,1171788021473811.2,101571623050122.39,11.536568839660767,189315803389491.25,50497644409428.81,3.749002663461716,5.189594320676011,1.0114130914026784,2.0772367680870745
4.832930238571752e-08,1170686506047358.5,101514360590423.5,11.532225581075046,189315803389491.25,50497644409428.81,3.749002663461716,5.183775918795495,1.0102791284155217,2.0760782576842813
5.090575902036676e-08,1169527603749250.5,101454114865141.52,11.527650754273022,189315803389491.25,50497644409428.81,3.749002663461716,5.177654389174834,1.0090860881066805,2.0748579793295576
5.3619567705688166e-08,1168308399735158.0,101390734345404.44,11.522832014956323,189315803389491.25,50497644409428.81,3.749002663461716,5.171214335083923,1.0078309697644625,2.0735726403342927
5.647805074067546e-08,1167025839257241.8,101324060229579.88,11.517756361253157,189315803389491.25,50497644409428.81,3.749002663461716,5.164439620797248,1.0065106286554004,2.0722187726103156
5.9488920779343314e-08,1165676721875277.8,101253926142240.53,11.512410098920475,189315803389491.25,50497644409428.81,3.749002663461716,5.157313341016007,1.0051217700628945,2.0707927233880015
6.266030164072656e-08,1164257695518577.2,101180157825439.02,11.506778804666542,189315803389491.25,50497644409428.81,3.749002663461716,5.14981778950211,1.0036609431735566,2.0692906454330253
6.600075022827088e-08,1162765250416841.0,101102572823192.03,11.500847287539186,189315803389491.25,50497644409428.81,3.749002663461716,5.141934427019868,1.0021245348290815,2.0677084867471525
6.951927961775605e-08,1161195712915295.0,101020980159956.14,11.494599548298416,189315803389491.25,50497644409428.81,3.749002663461716,5.1336438486664235,1.000508763159133,2.06604197973139
7.322538337604526e-08,1159545239190059.0,100935180013919.38,11.488018736679846,189315803389491.25,50497644409428.81,3.749002663461716,5.124925750675204,0.9988096711115692,2.064286629786535
7.712906117627993e-08,1157809808881863.2,100844963386048.75,11.481087106448776,189315803389491.25,50497644409428.81,3.749002663461716,5.115758896788075,0.9970231198986224,2.062437703324405
8.124084577862957e-08,1155985218669152.8,100750111765987.08,11.473785968140332,189315803389491.25,50497644409428.81,3.749002663461716,5.1061210843073255,0.9951447823806853,2.060490215161859
8.557183144940002e-08,1154067075805053.5,100650396796071.05,11.466095639377581,189315803389491.25,50497644409428.81,3.749002663461716,5.095989109956759,0.9931701364128941,2.05843891526877
9.01337038951742e-08,1152050791646523.2,100545579934943.02,11.457995392656205,189315803389491.25,50497644409428.81,3.749002663461716,5.085338735701515,0.9910944581836645,2.056278274840231
9.49387717927582e-08,1149931575208298.8,100435412122451.98,11.449463400481587,189315803389491.25,50497644409428.81,3.749002663461716,5.074144654698861,0.988912815578758,2.054002471662556
1e-07,1147704426778982.8,100319633447784.77,11.44047667774175,189315803389491.25,50497644409428.81,3.749002663461716,5.062380457577219,0.9866200616093154,2.051605374741974
1.053310445370936e-07,1145364131641836.0,100197972823040.42,11.431011021197634,189315803389491.25,50497644409428.81,3.749002663461716,5.050018599268264,0.9842108279476829,2.049080528164411
1.1094628943275219e-07,1142905253948567.0,100070147664758.12,11.421040945971003,189315803389491.25,50497644409428.81,3.749002663461716,5.037030366647186,0.9816795186207387,2.046421134154425
1.1686088553466497e-07,1140322130800714.5,99935863586236.95,11.410539618909725,189315803389491.25,50497644409428.81,3.749002663461716,5.023385847269488,0.9790203039169316,2.043620035301222
1.2309079138896019e-07,1137608866600090.2,99794814103842.66,11.399478788710786,189315803389491.25,50497644409428.81,3.749002663461716,5.009053899529013,0.9762271145703022,2.0406696959198345
1.2965281629896663e-07,1134759327737270.2,99646680360888.05,11.387828712683042,189315803389491.25,50497644409428.81,3.749002663461716,4.994002124601605,0.9732936362925125,2.0375621825159933
1.3656466567946096e-07,1131767137695292.2,99491130873097.95,11.375558080035033,189315803389491.25,50497644409428.81,3.749002663461716,4.978196840581961,0.970213304732313,2.0342891433241035
1.438449888287663e-07,1128625672654602.8,99327821300131.53,11.362633931578122,189315803389491.25,50497644409428.81,3.749002663461716,4.961603059268172,0.9669793009510212,2.0308417868890514
1.5151342924760513e-07,1125328057694896.4,99156394248134.44,11.349021575742391,189315803389491.25,50497644409428.81,3.749002663461716,4.944184466099159,0.9635845475124809,2.0272108596644864
1.595906776404731e-07,1121867163699865.0,98976479108831.62,11.33468450081249,189315803389491.25,50497644409428.81,3.749002663461716,4.925903403805004,0.9600217052966326,2.0233866226028185
1.680985277425362e-07,1118235605082033.8,98787691941252.52,11.31958428330354,189315803389491.25,50497644409428.81,3.749002663461716,4.906720860389123,0.9562831711573281,2.01935882671563
1.770599351226898e-07,1114425738456802.4,98589635402800.95,11.30368049241352,189315803389491.25,50497644409428.81,3.749002663461716,4.886596462124319,0.9523610765573157,2.0151166875875304
1.8649907912142943e-07,1110429662407596.2,98381898737046.44,11.286930590509693,189315803389491.25,50497644409428.81,3.749002663461716,4.865488472312266,0.9482472873264713,2.010648858832146
1.9644142809066267e-07,1106239218497591.5,98164057826318.89,11.269289829632495,189315803389491.25,50497644409428.81,3.749002663461716,4.843353796627619,0.9439334047033272,2.0059434044858135
2.06913808111479e-07,1101845993697862.9,97935675317936.22,11.250711144032595,189315803389491.25,50497644409428.81,3.749002663461716,4.820147995943931,0.9394107678347443,2.0009877703431735
2.1794447537529834e-07,1097241324416929.5,97696300833681.0,11.23114503879612,189315803389491.25,50497644409428.81,3.749002663461716,4.795825307618436,0.9346704579241593,1.9957687542493283
2.2956319242369097e-07,1092416302332529.9,97445471272966.27,11.21053947466097,189315803389491.25,50497644409428.81,3.749002663461716,4.770338676296523,0.9297033042351468,1.9902724753760233
2.418013084525718e-07,1087361782242940.6,97182711220987.53,11.18883974918488,189315803389491.25,50497644409428.81,3.749002663461716,4.743639795383818,0.9244998921740156,1.9844843425246972
2.54691843897454e-07,1082068392172186.5,96907533474043.75,11.1659883744953,189315803389491.25,50497644409428.81,3.749002663461716,4.715679160423705,0.9190505736926886,1.9783890215177817
2.6826957952797217e-07,1076526545980917.2,96619439695115.98,11.141924951934229,189315803389491.25,50497644409428.81,3.749002663461716,4.686406135710244,0.9133454802710641,1.971970401761761
2.825711502920827e-07,1070726458752395.8,96317921213710.28,11.116586044010097,189315803389491.25,50497644409428.81,3.749002663461716,4.655769035559716,0.9073745387562276,1.9652115620919233
2.976351441631313e-07,1064658165240717.8,96002459984891.55,11.089905044186045,189315803389491.25,50497644409428.81,3.749002663461716,4.623715221757425,0.9011274903541079,1.9580947360400005
3.135022062565112e-07,1058311541685812.0,95672529723339.81,11.061812045172998,189315803389491.25,50497644409428.81,3.749002663461716,4.590191218788436,0.8945939130870834,1.950601276702976
3.3021514849681757e-07,1051676331316621.0,95327597229137.34,11.032233706559541,189315803389491.25,50497644409428.81,3.749002663461716,4.555142848549951,0.8877632480484174,1.9427116214349949
3.4781906513141266e-07,1044742173879736.0,94967123922819.38,11.00109312280329,189315803389491.25,50497644409428.81,3.749002663461716,4.518515386326849,0.8806248298007207,1.9344052566356973
3.663614544020716e-07,1037498639545192.2,94590567607972.64,10.968309692833959,189315803389491.25,50497644409428.81,3.749002663461716,4.480253739888166,0.87316792128052,1.9256606829684542
3.858923467029899e-07,1029935267553595.1,94197384480312.31,10.933798992782611,189315803389491.25,50497644409428.81,3.749002663461716,4.440302653628154,0.8653817535838162,1.9164553814124714
4.064644395709628e-07,1022041609978538.4,93787031402678.6,10.897472653658898,189315803389491.25,50497644409428.81,3.749002663461716,4.398606939727204,0.8572555710176232,1.9067657806347087
4.281332398719387e-07,1013807280984726.0,93358968465728.22,10.859238246156195,189315803389491.25,50497644409428.81,3.749002663461716,4.355111738342081,0.8487786818090951,1.896567226263078
4.5095721356761447e-07,1005222011964403.4,92912661854210.75,10.818999175179128,189315803389491.25,50497644409428.81,3.749002663461716,4.309762808846429,0.8399405148661211,1.8858339527529675
4.749979434661403e-07,996275712931687.2,92447587038562.94,10.776654587167405,189315803389491.25,50497644409428.81,3.749002663461716,4.26250685412663,0.8307306829801614,1.8745390586670232
5.003202953825999e-07,986958540545073.0,91963232311069.78,10.732099293842143,189315803389491.25,50497644409428.81,3.749002663461716,4.213291879888873,0.821139052852505,1.862654486335426
5.269925931575656e-07,977260973111525.2,91459102684964.45,10.68522371663486,189315803389491.25,50497644409428.81,3.749002663461716,4.1620675908442,0.811155822307771,1.8501510070330134
5.550868030059799e-07,967173892899790.0,90934724173499.33,10.635913856784413,189315803389491.25,50497644409428.81,3.749002663461716,4.108785825502178,0.8007716050319407,1.8369982130030096
5.84678727693759e-07,956688676054391.6,90389648464139.7,10.58405129691304,189315803389491.25,50497644409428.81,3.749002663461716,4.053401031112739,0.789977523134967,1.8231645178774147
6.158482110660254e-07,945797290353561.0,89823458000525.7,10.529513240828756,189315803389491.25,50497644409428.81,3.749002663461716,3.995870780041078,0.7787653077883779,1.8086171672937996
6.486793534788508e-07,934492400992331.8,89235771481623.75,10.472172599356874,189315803389491.25,50497644409428.81,3.749002663461716,3.9361563285329226,0.7671274081244439,1.7933222617898021
6.832607387157391e-07,922767484494423.0,88626249783454.5,10.411898131186557,189315803389491.25,50497644409428.81,3.749002663461716,3.8742232184175123,0.7550571085035879,1.777244794372198
7.196856730011514e-07,910616950761306.0,87994602303833.38,10.348554649034831,189315803389491.25,50497644409428.81,3.749002663461716,3.8100419217926396,0.7425486541586722,1.7603487055085971
7.580524367559261e-07,898036273152141.6,87340593724597.4,10.282003302883789,189315803389491.25,50497644409428.81,3.749002663461716,3.743588528130192,0.729597385106727,1.742596958677457
7.984645497739079e-07,885022126352048.0,86664051178709.62,10.212101953635274,189315803389491.25,50497644409428.81,3.749002663461716,3.674845472521048,0.7161998780784297,1.72395164003584
8.410310505352605e-07,871572531626572.4,85964871801336.47,10.138705652243203,189315803389491.25,50497644409428.81,3.749002663461716,3.6038023029352266,0.7023540960513653,1.7043740862220214
8.858667904100813e-07,857687008875560.4,85243030634393.06,10.06166724121032,189315803389491.25,50497644409428.81,3.749002663461716,3.530456483397676,0.6880595447829774,1.6838250447972951
9.330927435461664e-07,843366734688316.0,84498588843066.44,9.980838097244966,189315803389491.25,50497644409428.81,3.749002663461716,3.454814228863952,0.6733174355215873,1.662264872340464
9.82836333277001e-07,828614705363010.5,83731702190406.12,9.896069035820368,189315803389491.25,50497644409428.81,3.749002663461716,3.3768913663179485,0.6581308528278978,1.6396537757278185
1.0352317759307378e-06,813435903586006.0,82942629702176.11,9.807211400299554,189315803389491.25,50497644409428.81,3.749002663461716,3.2967142152019577,0.6425049261642239,1.6159521026437123
1.0904204429677527e-06,797837467171362.5,82131742438805.47,9.714118360094618,189315803389491.25,50497644409428.81,3.749002663461716,3.2143204787289816,0.626447003604588,1.5911206878484565
1.1485512424239369e-06,781828857938087.4,81299532274499.89,9.616646443897352,189315803389491.25,50497644409428.81,3.749002663461716,3.1297601359226306,0.6099668256866219,1.5651212621485924
1.2097810206889012e-06,765422028454891.9,80446620565495.03,9.514657335191963,189315803389491.25,50497644409428.81,3.749002663461716,3.0430963223928074,0.5930766970681549,1.5379169313276546
1.2742749857031322e-06,748631584012620.8,79573766570219.69,9.408019957833623,189315803389491.25,50497644409428.81,3.749002663461716,2.9544061859031077,0.5757916532708968,1.5094727324484056
1.342207152716012e-06,731474936798120.6,78681875464049.52,9.296612879192724,189315803389491.25,50497644409428.81,3.749002663461716,2.8637817007448207,0.5581296193958347,1.4797562748617816
1.4137608138073585e-06,713972448847014.9,77772005770730.38,9.180327056907663,189315803389491.25,50497644409428.81,3.749002663461716,2.771330422839105,0.540111557286996,1.4487384728691617
1.4891290324394086e-06,696147559955471.5,76845376011892.48,9.0590689522781,189315803389491.25,50497644409428.81,3.749002663461716,2.6771761653898674,0.521761597211138,1.4163943761814317
1.5685151643735445e-06,678026896344088.6,75903370355960.2,8.932764028321538,189315803389491.25,50497644409428.81,3.749002663461716,2.581459572865882,0.5031071497225659,1.3827041029822293
1.6521334063573686e-06,659640355504219.0,74947543028902.11,8.801360643001214,189315803389491.25,50497644409428.81,3.749002663461716,2.4843385691742785,0.48417899300879197,1.3476538783982357
1.740209374062485e-06,641021162335274.5,73979621232537.89,8.664834337558613,189315803389491.25,50497644409428.81,3.749002663461716,2.385988654187847,0.46501133068148764,1.311237178358728
1.8329807108324337e-06,622205891420184.2,73001506302531.72,8.523192505667598,189315803389491.25,50497644409428.81,3.749002663461716,2.286603021407997,0.44564181470811404,1.2734559750345813
1.9306977288832498e-06,603234450107688.6,72015272828922.5,8.376479410703835,189315803389491.25,50497644409428.81,3.749002663461716,2.1863924686024054,0.4261115279958675,1.234322075132709
2.03362408468667e-06,584150016999480.4,71023165458367.9,8.224781495298112,189315803389491.25,50497644409428.81,3.749002663461716,2.0855850728830703,0.4064649210668253,1.1938585361536116
2.1420374903583833e-06,564998930504552.2,70027593100623.9,8.068232899175833,189315803389491.25,50497644409428.81,3.749002663461716,1.9844256020304052,0.38674969732941633,1.1521011382066795
2.2562304629706306e-06,545830522351443.1,69031120273651.68,7.9070210680005415,189315803389491.25,50497644409428.81,3.749002663461716,1.8831746350750858,0.3670166416864058,1.1090998800996947
2.376511113811073e-06,526696891370779.9,68036455343666.25,7.741392297854505,189315803389491.25,50497644409428.81,3.749002663461716,1.7821073673768977,0.3473193876537066,1.064920458260314
2.50320397971732e-06,507652613504778.75,67046435449932.89,7.571657017976291,189315803389491.25,50497644409428.81,3.749002663461716,1.6815120788429545,0.32771411882757295,1.0196456758408516
2.6366508987303555e-06,488754384893844.4,66064007950565.9,7.398194570023173,189315803389491.25,50497644409428.81,3.749002663461716,1.5816882486471529,0.30825920145753505,0.9733767175272964
2.777211932429355e-06,470060596055967.5,65092208286174.92,7.221457197908658,189315803389491.25,50497644409428.81,3.749002663461716,1.482944305969441,0.28901474608231514,0.9262342137790274
2.9252663374366416e-06,451630836628217.3,64134134233770.66,7.04197292165839,189315803389491.25,50497644409428.81,3.749002663461716,1.3855950139516295,0.2700420976823954,0.878359007394261
3.081213588714002e-06,433525331888322.3,63192916614247.28,6.860346936266921,189315803389491.25,50497644409428.81,3.749002663461716,1.2899584933034012,0.2514032556031076,0.8299125266377599
3.2454744574113256e-06,415804314312663.9,62271686622722.06,6.677261157736857,189315803389491.25,50497644409428.81,3.749002663461716,1.1963529027590138,0.23316022660048724,0.7810766641524002
3.418492146175927e-06,398527335734266.25,61373540070956.266,6.493471539583895,189315803389491.25,50497644409428.81,3.749002663461716,1.1050928057725378,0.215374316737371,0.7320530611701458
3.6007334849856126e-06,381752528201454.9,60501498962971.82,6.30980281058979,189315803389491.25,50497644409428.81,3.749002663461716,1.01648526624083,0.19810537046902546,0.6830617038728664
3.792690190732246e-06,365535824344202.75,59658470965668.55,6.127140344487816,189315803389491.25,50497644409428.81,3.749002663461716,0.9308257303388615,0.18141096804367463,0.6343387547316914
3.99488019395417e-06,349930150847144.2,58847207481387.14,5.9464189691214155,189315803389491.25,50497644409428.81,3.749002663461716,0.8483937662996416,0.16534559521749326,0.5861335674887654
4.2078490362973985e-06,334984611397199.75,58070261173308.08,5.768608658353598,189315803389491.25,50497644409428.81,3.749002663461716,0.769448748597152,0.14995980213416296,0.5387048706513957
4.432171342476085e-06,320743678087145.94,57329943930434.14,5.594697222734874,189315803389491.25,50497644409428.81,3.749002663461716,0.6942255867950965,0.13529937090946,0.492316150442235
4.668452370703785e-06,307246412559222.5,56628286378613.75,5.425670317921844,189315803389491.25,50497644409428.81,3.749002663461716,0.6229306114878599,0.12140451383194098,0.44723031829269044
4.9173296457790155e-06,294525739992337.7,55967000138647.31,5.262489310892271,189315803389491.25,50497644409428.81,3.749002663461716,0.5557377393708197,0.10830912596384938,0.40370380693009333
5.179474679231202e-06,282607800189332.44,55347444092452.67,5.106067765609246,189315803389491.25,50497644409428.81,3.749002663461716,0.49278504556698693,0.09604011711323143,0.3619802982200222
5.455594781168514e-06,271511400323081.25,54770595933981.89,4.957247510148499,189315803389491.25,50497644409428.81,3.749002663461716,0.43417187293383985,0.08461684845947472,0.32228433936910733
5.746434968715974e-06,261247593180442.62,54237030244164.09,4.8167754024208005,189315803389491.25,50497644409428.81,3.749002663461716,0.3799566042722889,0.07405069837350811,0.284815145469418
6.052779976193343e-06,251819402857330.88,53746904231119.06,4.685281998279806,189315803389491.25,50497644409428.81,3.749002663461716,0.33015521339888915,0.06434478003262178,0.2497409094805918
6.375456372456507e-06,243221716708008.8,53299952113123.54,4.563263325111368,189315803389491.25,50497644409428.81,3.749002663461716,0.2847406944026408,0.05549383018688859,0.21719394056065786
6.715334791115135e-06,235441357901901.44,52895488890489.03,4.451066864876551,189315803389491.25,50497644409428.81,3.749002663461716,0.24364344490308185,0.047484283853297886,0.18726692521647068
7.073332279644438e-06,228457347237411.78,52532423955995.8,4.348882652526769,189315803389491.25,50497644409428.81,3.749002663461716,0.20675264899778167,0.04029454384187185,0.16001055291626332
7.4504147737289015e-06,222241356045206.84,52209284639144.08,4.256740110140883,189315803389491.25,50497644409428.81,3.749002663461716,0.17391866957866056,0.0338954470002104,0.13543267163495082
7.847599703514607e-06,216758344328350.38,51924249379973.03,4.174510886852669,189315803389491.25,50497644409428.81,3.749002663461716,0.14495641910252927,0.02825092115143981,0.11349904536958946
8.265958738801796e-06,211967370084639.94,51675189801814.63,4.101917591354381,189315803389491.25,50497644409428.81,3.749002663461716,0.11964963457670885,0.023318818256915595,0.09413568342648058
8.706620680585117e-06,207822547485945.9,51459720522402.984,4.038547924011176,189315803389491.25,50497644409428.81,3.749002663461716,0.09775593883401046,0.019051900820833835,0.07723260998755942
9.170774506742932e-06,204274123775934.7,51275255136578.21,3.9838733757993867,189315803389491.25,50497644409428.81,3.749002663461716,0.07901252889949577,0.015398950510337163,0.06264885182044602
9.659672580093823e-06,201269637961349.5,51119066451041.89,3.9372713927417053,189315803389491.25,50497644409428.81,3.749002663461716,0.06314229640546637,0.012305960978588687,0.050218350366853966
1.0174634027476042e-05,198755119183337.5,50988348781886.16,3.898049729626588,189315803389491.25,50497644409428.81,3.749002663461716,0.04986015760356865,0.009717371536754702,0.03975645779543036
1.0717048298967093e-05,196676279581006.3,50880279965800.31,3.8654716466419647,189315803389491.25,50497644409428.81,3.749002663461716,0.03887935428386765,0.007577295155970783,0.031066657891542976
1.1288378916846883e-05,194979655904769.66,50792080707027.05,3.8387806364820642,189315803389491.25,50497644409428.81,3.749002663461716,0.029917483981122317,0.005830693709413064,0.02394716170658833
1.1890167424419898e-05,193613656339183.0,50721068996618.42,3.8172234964545253,189315803389491.25,50497644409428.81,3.749002663461716,0.022702029480600246,0.0044244556315956,0.018197061756636913
1.2524037545350693e-05,192529473975466.3,50664707599454.05,3.8000707612401374,189315803389491.25,50497644409428.81,3.749002663461716,0.01697518394364245,0.0033083362992282605,0.013621782207875657
1.319169956473569e-05,191681835908958.28,50620642996194.56,3.7866337636874365,189315803389491.25,50497644409428.81,3.749002663461716,0.012497807774659173,0.002435729194979716,0.010037629632136067
1.3894954943731361e-05,191029566552124.6,50586734667200.33,3.7762778682765084,189315803389491.25,50497644409428.81,3.749002663461716,0.009052404141388616,0.0017642458141053582,0.007275322869364695
1.4635701180190798e-05,190535954749635.1,50561074177068.625,3.7684317006866603,189315803389491.25,50497644409428.81,3.749002663461716,0.006445058142523633,0.0012560935937037299,0.005182454900419828
1.5415936928422735e-05,190168925789347.88,50541994116652.71,3.7625924562934987,189315803389491.25,50497644409428.81,3.749002663461716,0.004506345400555087,0.0008782529906606407,0.0036249088228798737
1.6237767391887174e-05,189901030467763.1,50528067534627.75,3.7583275936215186,189315803389491.25,50497644409428.81,3.749002663461716,0.0030912743035393588,0.0006024662250038926,0.0024873095585352407
1.7103410003378378e-05,189709273055641.38,50518098994255.31,3.7552733937437797,189315803389491.25,50497644409428.81,3.749002663461716,0.0020783772886652004,0.00040506017787001494,0.00167263959110482
1.801520040802024e-05,189574807513328.56,50511108781087.44,3.7531309861942663,189315803389491.25,50497644409428.81,3.749002663461716,0.0013681061971590777,0.00026663365818527094,0.0011011789276079576
1.8975598765218505e-05,189482536049985.44,50506312034002.766,3.751660503788489,189315803389491.25,50497644409428.81,3.749002663461716,0.0008807117921960163,0.0001716441365794624,0.0007089459691977313
1.9987196386572525e-05,189420645834262.97,50503094661035.2,3.7506740350390295,189315803389491.25,50497644409428.81,3.749002663461716,0.0005537965816621227,0.00010793080885517436,0.0004458176553467814
2.1052722727657026e-05,189380118411354.53,50500987836339.445,3.7500279999489554,189315803389491.25,50497644409428.81,3.749002663461716,0.0003397234711090755,6.62095618465826e-05,0.0002734958012252976
2.2175052752539296e-05,189354242551340.94,50499642675532.55,3.7496154926871292,189315803389491.25,50497644409428.81,3.749002663461716,0.00020304254141216202,3.9571471641977485e-05,0.00016346460123535642
2.3357214690901213e-05,189338155496078.03,50498806387338.586,3.7493590253164917,189315803389491.25,50497644409428.81,3.749002663461716,0.00011806783261931316,2.301053689459771e-05,9.505510845555017e-05
2.4602398208697776e-05,189328430697530.3,50498300842098.56,3.7492039839030427,189315803389491.25,50497644409428.81,3.749002663461716,6.669970394961455e-05,1.299927308346748e-05,5.3699732808561664e-05
2.591396301439652e-05,189322723000648.9,50498004126544.44,3.7491129852621405,189315803389491.25,50497644409428.81,3.749002663461716,3.6550626169438695e-05,7.123443476065081e-06,2.9426973071951465e-05
2.7295447924020017e-05,189319475589832.75,50497835309363.04,3.7490612108422425,189315803389491.25,50497644409428.81,3.749002663461716,1.9397220283533077e-05,3.780373054211576e-06,1.5616788191953874e-05
2.875058040944877e-05,189317687482726.16,50497742354323.2,3.7490327023801755,189315803389491.25,50497644409428.81,3.749002663461716,9.952118107277009e-06,1.939593332245354e-06,8.01250923401094e-06
3.0283286655749455e-05,189316736273757.44,50497692905569.69,3.749017536856156,189315803389491.25,50497644409428.81,3.749002663461716,4.92766187230666e-06,9.603644178290603e-07,3.967293644407495e-06
3.1897702154663246e-05,189316248306307.3,50497667538502.13,3.749009756974665,189315803389491.25,50497644409428.81,3.749002663461716,2.350130354131846e-06,4.5802281652555437e-07,1.8921066709726527e-06
3.359818286283774e-05,189316007369663.97,50497655013371.41,3.749005915612012,189315803389491.25,50497644409428.81,3.749002663461716,1.0774598267377016e-06,2.0998885626772038e-07,8.674707882779983e-07
3.5389316954909844e-05,189315893099588.78,50497649073022.89,3.749004093751487,189315803389491.25,50497644409428.81,3.749002663461716,4.738648117330374e-07,9.235270541162557e-08,3.815120710797755e-07
3.727593720314938e-05,189315841153351.44,50497646372589.26,3.749003265548519,189315803389491.25,50497644409428.81,3.749002663461716,1.994754770144891e-07,3.887627766149707e-08,1.605991930880355e-07
3.92631340170684e-05,189315818569752.2,50497645198577.16,3.7490029054876888,189315803389491.25,50497644409428.81,3.749002663461716,8.018485866321841e-08,1.5627428823247285e-08,6.455742882111316e-08
4.1356269178176976e-05,189315809202245.56,50497644711605.805,3.749002756137166,189315803389491.25,50497644409428.81,3.749002663461716,3.070400995811774e-08,5.983981940573017e-09,2.472002777806596e-08
4.3560990306945995e-05,189315805504244.56,50497644519364.625,3.7490026971782124,189315803389491.25,50497644409428.81,3.749002663461716,1.1170505972759102e-08,2.1770483313766815e-09,8.993457537443181e-09
4.58832461010084e-05,189315804118491.47,50497644447326.016,3.7490026750845056,189315803389491.25,50497644409428.81,3.749002663461716,3.850709796530733e-09,7.504746720012135e-10,3.1002350334047577e-09
4.8329302385717524e-05,189315803626922.47,50497644421771.72,3.749002667247192,189315803389491.25,50497644409428.81,3.749002663461716,1.254154246497414e-09,2.4442538645813265e-10,1.0097287925692374e-09
5.0905759020366864e-05,189315803462332.2,50497644413215.47,3.7490026646230525,189315803389491.25,50497644409428.81,3.749002663461716,3.8475888539605844e-10,7.498678986485484e-11,3.097720819805783e-10
5.361956770568806e-05,189315803410473.7,50497644410519.6,3.7490026637962477,189315803389491.25,50497644409428.81,3.749002663461716,1.1083299505024163e-10,2.160079099246717e-11,8.9232135485531e-11
5.647805074067546e-05,189315803395147.4,50497644409722.86,3.749002663551894,189315803389491.25,50497644409428.81,3.749002663461716,2.987683092870613e-11,5.8229820111192395e-12,2.405376875547645e-11
5.948892077934331e-05,189315803390913.0,50497644409502.734,3.749002663484383,189315803389491.25,50497644409428.81,3.749002663461716,7.509938285896529e-12,1.4638677875872852e-12,6.046076622156156e-12
6.266030164072656e-05,189315803389823.25,50497644409446.08,3.749002663467009,189315803389491.25,50497644409428.81,3.749002663461716,1.753683496337364e-12,3.4190951284801315e-13,1.4117501848094095e-12
6.600075022827075e-05,189315803389563.0,50497644409432.55,3.7490026634628597,189315803389491.25,50497644409428.81,3.749002663461716,3.7899635801869236e-13,7.395146929472864e-14,3.0502238008761783e-13
6.951927961775591e-05,189315803389505.53,50497644409429.56,3.749002663461943,189315803389491.25,50497644409428.81,3.749002663461716,7.543612178333729e-14,1.485217793366935e-14,6.053065484457193e-14
7.322538337604526e-05,189315803389493.8,50497644409428.96,3.7490026634617557,189315803389491.25,50497644409428.81,3.749002663461716,1.3535584214953298e-14,2.939493549372059e-15,1.0542521098173975e-14
7.712906117627993e-05,189315803389491.66,50497644409428.84,3.7490026634617215,189315803389491.25,50497644409428.81,3.749002663461716,2.145885302370645e-15,6.188407472362229e-16,1.421463518854918e-15
8.124084577862974e-05,189315803389491.28,50497644409428.83,3.7490026634617153,189315803389491.25,50497644409428.81,3.749002663461716,1.650681001823573e-16,3.0942037361811147e-16,-2.369105864758197e-16
8.557183144939985e-05,189315803389491.25,50497644409428.81,3.749002663461716,189315803389491.25,50497644409428.81,3.749002663461716,0.0,0.0,0.0
9.01337038951742e-05,189315803389491.25,50497644409428.81,3.749002663461716,189315803389491.25,50497644409428.81,3.749002663461716,0.0,0.0,0.0
9.49387717927582e-05,189315803389491.25,50497644409428.81,3.749002663461716,189315803389491.25,50497644409428.81,3.749002663461716,0.0,0.0,0.0
0.0001,189315803389491.25,50497644409428.81,3.749002663461716,189315803389491.25,50497644409428.81,3.749002663461716,0.0,0.0,0.0
