Te_old_grid_eV,Te_new_grid_eV,ne_grid_cm-3,DeltaTe_actual_eV,peak_ratio_error_percent_abs,last_t_ratio_abs_error_gt_10pct_us,censored_gt_10pct,tau_fast_ns,tau_slow_us,M_tau_slow_over_tau_fast
1.5264179671752334,2.120950887920191,1000000000000.0,0.5945329207449574,75.52530878673089,1000.0,True,33.43079190807853,46160.32741102935,1380772.777921385
1.5264179671752334,2.120950887920191,2682695795279.7275,0.5945329207449574,87.8930105328511,1000.0,True,20.102686987980785,15134.327233914291,752850.9618123673
1.5264179671752334,2.120950887920191,7196856730011.528,0.5945329207449574,105.88005039112907,1000.0,True,11.45845207267731,4835.885342555118,422036.5291823571
1.5264179671752334,2.120950887920191,19306977288832.457,0.5945329207449574,164.21673893796475,1000.0,True,7.424357479562251,1493.100489656715,201108.37789895185
1.5264179671752334,2.120950887920191,51794746792312.02,0.5945329207449574,217.22598401130332,1000.0,True,4.829498083732983,443.43366038682274,91817.75263156716
1.5264179671752334,2.120950887920191,138949549437313.6,0.5945329207449574,210.75235038192025,456.3716281924754,False,2.580514536882166,127.18925639135684,49288.331677073096
1.5264179671752334,2.120950887920191,372759372031493.8,0.5945329207449574,159.34705193046764,104.24040070215536,False,1.8373867421823311,34.24947698392869,18640.32007940219
1.5264179671752334,2.120950887920191,1000000000000000.0,0.5945329207449574,104.08276127286992,21.710676025372628,False,1.4425880840001322,8.647716035611227,5994.584408067546
1.599858719606058,2.2229964825261948,1000000000000.0,0.6231377629201367,71.96613582777317,1000.0,True,33.252780146367094,33991.289544651394,1022208.952004423
1.599858719606058,2.2229964825261948,2682695795279.7275,0.6231377629201367,83.85392576328947,1000.0,True,19.91942111317761,11188.69100260836,561697.5984912799
1.599858719606058,2.2229964825261948,7196856730011.528,0.6231377629201367,102.5624754764453,1000.0,True,11.31526513852361,3591.5894911970463,317410.9883620163
1.599858719606058,2.2229964825261948,19306977288832.457,0.6231377629201367,160.32403287984818,1000.0,True,7.354301342675066,1114.714883570313,151573.18576299254
1.599858719606058,2.2229964825261948,51794746792312.02,0.6231377629201367,207.45819269535156,1000.0,True,4.754354541663807,333.1106295581392,70064.32243094048
1.599858719606058,2.2229964825261948,138949549437313.6,0.6231377629201367,195.80885711672244,330.3985069871855,False,2.529628515241355,96.165822270469,38015.78836222666
1.599858719606058,2.2229964825261948,372759372031493.8,0.6231377629201367,144.02515750284908,75.46672630843871,False,1.8210890893681289,26.072173508848874,14316.802874204936
1.599858719606058,2.2229964825261948,1000000000000000.0,0.6231377629201367,91.7338929055868,15.71783717773161,False,1.416715366419682,6.646058869761605,4691.174407571721
1.676832936811008,2.329951810515372,1000000000000.0,0.6531188737043641,68.48562714119552,1000.0,True,33.09028513255663,25358.298519091073,766336.6579498505
1.676832936811008,2.329951810515372,2682695795279.7275,0.6531188737043641,79.9214076261566,1000.0,True,19.743775184988145,8378.948888213816,424384.3342880348
1.676832936811008,2.329951810515372,7196856730011.528,0.6531188737043641,99.40825337741342,1000.0,True,11.179774805402596,2701.582934736992,241649.13710350048
1.676832936811008,2.329951810515372,19306977288832.457,0.6531188737043641,156.06511658204832,1000.0,True,7.286079280274924,842.7149545891934,115660.9641718578
1.676832936811008,2.329951810515372,51794746792312.02,0.6531188737043641,197.51148686238895,954.9044557518076,False,4.681496940638104,253.33567962950724,54114.24654161511
1.676832936811008,2.329951810515372,138949549437313.6,0.6531188737043641,181.491422110675,250.49415421745024,False,2.4814550587972364,73.59231938383975,29656.92210420688
1.676832936811008,2.329951810515372,372759372031493.8,0.6531188737043641,130.09569231984338,54.635503522148646,False,1.8048386461967991,20.084320934533913,11128.04237478851
1.676832936811008,2.329951810515372,1000000000000000.0,0.6531188737043641,80.95645697837172,11.37921293915314,False,1.391269077479672,5.167631527804107,3714.3293209430312
1.7575106248547918,2.329951810515372,1000000000000.0,0.5724411856605802,58.556451217045016,1000.0,True,33.09028513255663,25358.298519091073,766336.6579498505
1.7575106248547918,2.329951810515372,2682695795279.7275,0.5724411856605802,67.93085389569524,1000.0,True,19.743775184988145,8378.948888213816,424384.3342880348
1.7575106248547918,2.329951810515372,7196856730011.528,0.5724411856605802,87.30370757773805,1000.0,True,11.179774805402596,2701.582934736992,241649.13710350048
1.7575106248547918,2.329951810515372,19306977288832.457,0.5724411856605802,134.60756765790367,1000.0,True,7.286079280274924,842.7149545891934,115660.9641718578
1.7575106248547918,2.329951810515372,51794746792312.02,0.5724411856605802,158.60098771295367,831.4567805772047,False,4.681496940638104,253.33567962950724,54114.24654161511
1.7575106248547918,2.329951810515372,138949549437313.6,0.5724411856605802,134.3477910858993,208.275063019051,False,2.4814550587972364,73.59231938383975,29656.92210420688
1.7575106248547918,2.329951810515372,372759372031493.8,0.5724411856605802,89.9661497112759,47.5723613918789,False,1.8048386461967991,20.084320934533913,11128.04237478851
1.7575106248547918,2.329951810515372,1000000000000000.0,0.5724411856605802,53.514651995783105,9.034660211810516,False,1.391269077479672,5.167631527804107,3714.3293209430312
1.842069969326716,2.442053094548651,1000000000000.0,0.5999831252219352,55.433067042107794,1000.0,True,32.942825457805746,19154.417648432813,581444.2866464634
1.842069969326716,2.442053094548651,2682695795279.7275,0.5999831252219352,64.5389422148839,1000.0,True,19.57575578207709,6352.396917285685,324503.27783010696
1.842069969326716,2.442053094548651,7196856730011.528,0.5999831252219352,84.64636799828236,1000.0,True,11.051774242343388,2056.9170147082664,186116.4523997844
1.842069969326716,2.442053094548651,19306977288832.457,0.5999831252219352,129.70279072965897,1000.0,True,7.219656451401053,644.7445500326531,89304.04851986184
1.842069969326716,2.442053094548651,51794746792312.02,0.5999831252219352,149.51326605749446,630.3753153071268,False,4.6109019539621325,194.94050504095333,42278.17181700028
1.842069969326716,2.442053094548651,138949549437313.6,0.5999831252219352,123.84157352602024,157.90533144741727,False,2.4359491406748908,56.96899631550063,23386.77575990651
1.842069969326716,2.442053094548651,372759372031493.8,0.5999831252219352,81.39441277427824,34.440872759738234,False,1.7886523217339454,15.647600462907988,8748.262741044597
1.842069969326716,2.442053094548651,1000000000000000.0,0.5999831252219352,47.60826610692332,6.540805914998247,False,1.3662828866188694,4.062884403977682,2973.677299019731
1.93069772888325,2.5595479226995357,1000000000000.0,0.6288501938162856,52.43939943602028,1000.0,True,32.80996529909029,14640.943363406972,446234.6494408794
1.93069772888325,2.5595479226995357,2682695795279.7275,0.6288501938162856,61.284132399898375,1000.0,True,19.415364390080423,4872.816125484665,250977.32020802316
1.93069772888325,2.5595479226995357,7196856730011.528,0.6288501938162856,82.08386314728614,1000.0,True,10.93104381945092,1584.3106201799494,144936.80991021145
1.93069772888325,2.5595479226995357,19306977288832.457,0.6288501938162856,124.70989285420715,1000.0,True,7.155005848452804,498.93612414338673,69732.45511060994
1.93069772888325,2.5595479226995357,51794746792312.02,0.6288501938162856,140.74134867063344,477.9238649935595,False,4.5425453305826835,151.69377485925023,33394.00354201686
1.93069772888325,2.5595479226995357,138949549437313.6,0.6288501938162856,114.15330722168656,119.71713434189655,False,2.393067457722548,44.586552559616216,18631.548565726047
1.93069772888325,2.5595479226995357,372759372031493.8,0.6288501938162856,73.75375481255307,26.111611009174624,False,1.7725474474026466,12.322963309997345,6952.1204230975345
1.93069772888325,2.5595479226995357,1000000000000000.0,0.6288501938162856,44.19690266160339,4.735334922917111,False,1.3417855256553637,3.2281694522292983,2405.875894847334
2.023589647725157,2.6826957952797255,1000000000000.0,0.6591061475545685,49.54766351086064,1000.0,True,32.6913114722059,11318.4513412937,346222.0030822755
2.023589647725157,2.6826957952797255,2682695795279.7275,0.6591061475545685,58.166553050333,1000.0,True,19.26259680733791,3779.9375118905546,196231.98002309952
2.023589647725157,2.6826957952797255,7196856730011.528,0.6591061475545685,79.59444094495657,1000.0,True,10.817353005078232,1233.8399788511456,114061.17358580387
2.023589647725157,2.6826957952797255,19306977288832.457,0.6591061475545685,119.6792132464081,1000.0,True,7.092107017609072,390.3231377626265,55036.2729712748
2.023589647725157,2.6826957952797255,51794746792312.02,0.6591061475545685,132.3346422924864,362.341632332315,False,4.47640205032073,119.30732705523606,26652.50478264967
2.023589647725157,2.6826957952797255,138949549437313.6,0.6591061475545685,105.25537580203816,90.76446072885356,False,2.3527660066334155,35.26184097172855,14987.398182526827
2.023589647725157,2.6826957952797255,372759372031493.8,0.6591061475545685,66.95024315307685,19.796717529513284,False,1.7565414072585348,9.804761844663176,5581.856370790394
2.023589647725157,2.6826957952797255,1000000000000000.0,0.6591061475545685,42.44478549955751,3.5901303770070685,False,1.317801119199103,2.590791762496488,1965.996025311504
2.120950887920191,2.6826957952797255,1000000000000.0,0.5617449073595346,40.43377866692949,1000.0,True,32.6913114722059,11318.4513412937,346222.0030822755
2.120950887920191,2.6826957952797255,2682695795279.7275,0.5617449073595346,47.51995649438599,1000.0,True,19.26259680733791,3779.9375118905546,196231.98002309952
2.120950887920191,2.6826957952797255,7196856730011.528,0.5617449073595346,67.27506201123771,1000.0,True,10.817353005078232,1233.8399788511456,114061.17358580387
2.120950887920191,2.6826957952797255,19306977288832.457,0.5617449073595346,96.1909669553336,1000.0,True,7.092107017609072,390.3231377626265,55036.2729712748
2.120950887920191,2.6826957952797255,51794746792312.02,0.5617449073595346,99.27912069065871,301.2714070881158,False,4.47640205032073,119.30732705523606,26652.50478264967
2.120950887920191,2.6826957952797255,138949549437313.6,0.5617449073595346,74.26097034799957,75.46672630843871,False,2.3527660066334155,35.26184097172855,14987.398182526827
2.120950887920191,2.6826957952797255,372759372031493.8,0.5617449073595346,45.31677853944664,15.009032755797335,False,1.7565414072585348,9.804761844663176,5581.856370790394
2.120950887920191,2.6826957952797255,1000000000000000.0,0.5617449073595346,32.8300665903862,2.3700062920093257,False,1.317801119199103,2.590791762496488,1965.996025311504
2.2229964825261948,2.8117686979742302,1000000000000.0,0.5887722154480355,38.08353688885387,1000.0,True,32.586510286971546,8845.057575598536,271433.1021550009
2.2229964825261948,2.8117686979742302,2682695795279.7275,0.5887722154480355,45.04717945459826,1000.0,True,19.11744276559142,2963.674924706976,155024.65267170325
2.2229964825261948,2.8117686979742302,7196856730011.528,0.5887722154480355,65.03512183279385,1000.0,True,10.710462606035556,971.0763324548368,90666.1428337947
2.2229964825261948,2.8117686979742302,19306977288832.457,0.5887722154480355,91.7309282814766,831.4567805772047,False,7.03094496329352,308.5380001963082,43882.86379812296
2.2229964825261948,2.8117686979742302,51794746792312.02,0.5887722154480355,93.09255619888368,239.19798400202373,False,4.412446449911017,94.79489824458636,21483.52378225418
2.2229964825261948,2.8117686979742302,138949549437313.6,0.5887722154480355,68.65639763628218,57.215675550632405,False,2.3149971105520595,28.166277569338508,12166.873747251317
2.2229964825261948,2.8117686979742302,372759372031493.8,0.5887722154480355,41.450547874724414,11.37921293915314,False,1.74065136088607,7.877747320559798,4525.7467966185195
2.2229964825261948,2.8117686979742302,1000000000000000.0,0.5887722154480355,31.773264674532776,1.7158089856100032,False,1.2943495310413975,2.099180216262045,1621.8032037861542
2.329951810515372,2.9470517025518106,1000000000000.0,0.6170998920364386,35.84667372839665,1000.0,True,32.49524432140352,6983.905634113118,214920.8531881404
2.329951810515372,2.9470517025518106,2682695795279.7275,0.6170998920364386,42.69841532686384,1000.0,True,18.97988573589256,2347.509988028516,123684.09487256172
2.329951810515372,2.9470517025518106,7196856730011.528,0.6170998920364386,62.82018742872587,1000.0,True,10.610127268974878,771.9968636812769,72760.37733672398
2.329951810515372,2.9470517025518106,19306977288832.457,0.6170998920364386,87.3983063471034,630.3753153071268,False,6.9715092068411435,246.31535571182545,35331.71203017506
2.329951810515372,2.9470517025518106,51794746792312.02,0.6170998920364386,87.30172754173691,181.34978041964953,False,4.350652324467722,76.05306340834919,17480.84143167056
2.329951810515372,2.9470517025518106,138949549437313.6,0.6170998920364386,63.55810694686937,43.37850187558984,False,2.279706074956799,22.71304553910757,9963.146472528471
2.329951810515372,2.9470517025518106,372759372031493.8,0.6170998920364386,37.99977368054752,8.627237292461452,False,1.7248940381837683,6.388652571852898,3703.794221806139
2.329951810515372,2.9470517025518106,1000000000000000.0,0.6170998920364386,30.79104195245276,1.242190995452616,False,1.2714467173994874,1.7163491010819134,1349.9182290488686
2.442053094548651,3.088843596477481,1000000000000.0,0.6467905019288298,33.72067778460336,1000.0,True,32.41722920765374,5569.0163707855145,171791.86830287962
2.442053094548651,3.088843596477481,2682695795279.7275,0.6467905019288298,40.47054850708684,1000.0,True,18.849902892248014,1877.652715920378,99610.7368114113
2.442053094548651,3.088843596477481,7196856730011.528,0.6467905019288298,60.628282886226344,1000.0,True,10.516098142706037,619.65083602497,58924.02558593082
2.442053094548651,3.088843596477481,19306977288832.457,0.6467905019288298,83.20957598695742,500.4939102700954,False,6.9137929745900175,198.507217264801,28711.767620807637
2.442053094548651,3.088843596477481,51794746792312.02,0.6467905019288298,81.89507141919373,143.98479528760095,False,4.2909930084928325,61.5839863825017,14351.919534852015
2.442053094548651,3.088843596477481,138949549437313.6,0.6467905019288298,58.92240019663585,34.440872759738234,False,2.2468278091025184,18.482079356058783,8225.854816814528
2.442053094548651,3.088843596477481,372759372031493.8,0.6467905019288298,36.069312196504555,6.540805914998247,False,1.7092855903954127,5.227184136198184,3058.1104559531022
2.442053094548651,3.088843596477481,1000000000000000.0,0.6467905019288298,29.89260354159624,0.8993066723187614,False,1.2491050796299168,1.4154946106856268,1133.2069925654357
2.5595479226995357,3.088843596477481,1000000000000.0,0.5292956737779453,26.09192635855777,1000.0,True,32.41722920765374,5569.0163707855145,171791.86830287962
2.5595479226995357,3.088843596477481,2682695795279.7275,0.5292956737779453,31.60468732903576,1000.0,True,18.849902892248014,1877.652715920378,99610.7368114113
2.5595479226995357,3.088843596477481,7196856730011.528,0.5292956737779453,48.108904018400914,1000.0,True,10.516098142706037,619.65083602497,58924.02558593082
2.5595479226995357,3.088843596477481,19306977288832.457,0.5292956737779453,62.425106350821544,416.13905533166985,False,6.9137929745900175,198.507217264801,28711.767620807637
2.5595479226995357,3.088843596477481,51794746792312.02,0.5292956737779453,58.142784375386555,114.3184250129148,False,4.2909930084928325,61.5839863825017,14351.919534852015
2.5595479226995357,3.088843596477481,138949549437313.6,0.5292956737779453,40.15175751008454,26.111611009174624,False,2.2468278091025184,18.482079356058783,8225.854816814528
2.5595479226995357,3.088843596477481,372759372031493.8,0.5292956737779453,26.42982188211277,4.521792417370702,False,1.7092855903954127,5.227184136198184,3058.1104559531022
2.5595479226995357,3.088843596477481,1000000000000000.0,0.5292956737779453,22.624195107970785,0.2971295818577334,False,1.2491050796299168,1.4154946106856268,1133.2069925654357
2.6826957952797255,3.237457542817644,1000000000000.0,0.5547617475379187,24.498300778144717,1000.0,True,32.3522105008015,4482.797632884099,138562.32892565537
2.6826957952797255,3.237457542817644,2682695795279.7275,0.5547617475379187,29.973085812954174,1000.0,True,18.72746520754154,1515.8748409723703,80943.94111392759
2.6826957952797255,3.237457542817644,7196856730011.528,0.5547617475379187,46.24534509324217,954.9044557518076,False,10.428125591773686,501.9484737452774,48134.10323148042
2.6826957952797255,3.237457542817644,19306977288832.457,0.5547617475379187,59.3095176344419,330.3985069871855,False,6.8577924955196545,161.42699653739112,23539.206915761144
2.6826957952797255,3.237457542817644,51794746792312.02,0.5547617475379187,54.64119310021848,90.76446072885356,False,4.233441440429944,50.30987852715397,11883.919793170577
2.6826957952797255,3.237457542817644,138949549437313.6,0.5547617475379187,37.4354450844755,20.73162127401227,False,2.216283892986786,15.169576207240812,6844.5997623514995
2.6826957952797255,3.237457542817644,372759372031493.8,0.5547617475379187,25.485107400866987,3.2736335287152407,False,1.6938414853212178,4.313166809653983,2546.38161069484
2.6826957952797255,3.237457542817644,1000000000000000.0,0.5547617475379187,22.045128300502917,0.1557344772926135,False,1.2273338103079463,1.1769971376656905,958.9869746767376
2.8117686979742302,3.393221771895328,1000000000000.0,0.5814530739210979,22.987188476261764,1000.0,True,32.29996068259164,3641.0568515832742,112726.35553224236
2.8117686979742302,3.393221771895328,2682695795279.7275,0.5814530739210979,28.439167464601763,1000.0,True,18.61253765859241,1234.7249421347062,66338.34487178054
2.8117686979742302,3.393221771895328,7196856730011.528,0.5814530739210979,44.42379732414383,758.1576457522118,False,10.34596185165304,410.177886774825,39646.18202311353
2.8117686979742302,3.393221771895328,19306977288832.457,0.5814530739210979,56.34802655528931,262.3237882163124,False,6.803506391902586,132.407699097669,19461.685118023597
2.8117686979742302,3.393221771895328,51794746792312.02,0.5814530739210979,51.393554550247,72.0635132129306,False,4.177970214050855,41.44739412162263,9920.461850645
2.8117686979742302,3.393221771895328,138949549437313.6,0.5814530739210979,34.959750097579345,16.460115023085496,False,2.1879806376066924,12.553645361569885,5737.548653676205
2.8117686979742302,3.393221771895328,372759372031493.8,0.5814530739210979,24.623962027685415,2.481930289186253,False,1.6785764372569696,3.5877512480926605,2137.3773445524776
2.8117686979742302,3.393221771895328,1000000000000000.0,0.5814530739210979,21.51038863480902,0.0491340728629635,False,1.2061392276623626,0.9863579321361065,817.7811562001696
2.9470517025518106,3.5564803062231287,1000000000000.0,0.6094286036713181,21.554613617892706,1000.0,True,32.260276336398604,2982.9040443527915,92463.68547027114
2.9470517025518106,3.5564803062231287,2682695795279.7275,0.6094286036713181,27.001522084316548,1000.0,True,18.505079519236155,1014.292267925438,54811.55954347964
2.9470517025518106,3.5564803062231287,7196856730011.528,0.6094286036713181,42.64834591290853,601.9481973827262,False,10.269363525256177,337.9989658860152,32913.33148882599
2.9470517025518106,3.5564803062231287,19306977288832.457,0.6094286036713181,53.5385212655204,208.275063019051,False,6.7509351499271135,109.5010563439173,16220.131568750076
2.9470517025518106,3.5564803062231287,51794746792312.02,0.6094286036713181,48.38302060636394,57.215675550632405,False,4.124551619982552,34.42171121451249,8345.564411837353
2.9470517025518106,3.5564803062231287,138949549437313.6,0.6094286036713181,32.70191573714818,12.479362054713114,False,2.161808617453192,10.470691708763308,4843.486895291748
2.9470517025518106,3.5564803062231287,372759372031493.8,0.6094286036713181,23.834875968749508,1.8816944249705556,False,1.6635043642663745,3.0073385705748463,1807.8332916794716
2.9470517025518106,3.5564803062231287,1000000000000000.0,0.6094286036713181,21.00452295022736,0.0010667339377348,False,1.1855250949036087,0.8327639946235399,702.4431605905813
3.088843596477481,3.72759372031494,1000000000000.0,0.6387501238374589,20.19742259554799,1000.0,True,32.23297551663995,2463.8751708396,76439.58186757065
3.088843596477481,3.72759372031494,2682695795279.7275,0.6387501238374589,25.66037635916786,1000.0,True,18.40504472255158,839.9965345103498,45639.472610523335
3.088843596477481,3.72759372031494,7196856730011.528,0.6387501238374589,40.92256978726193,477.9238649935595,False,10.198093836997908,280.7538952782262,27530.03647207799
3.088843596477481,3.72759372031494,19306977288832.457,0.6387501238374589,50.87778612521075,165.36244070941788,False,6.700080659433591,91.27048744182214,13622.29681717562
3.088843596477481,3.72759372031494,51794746792312.02,0.6387501238374589,45.59327750370773,45.427059863740425,False,4.073157679917695,28.80712657482548,7072.43098317951
3.088843596477481,3.72759372031494,138949549437313.6,0.6387501238374589,30.73549554240967,9.908136566858666,False,2.137643929058137,8.799002355262315,4116.2151636447825
3.088843596477481,3.72759372031494,372759372031493.8,0.6387501238374589,23.09929519031963,1.4266210152607357,False,1.6486383667327154,2.539339737604196,1540.2648566505702
3.088843596477481,3.72759372031494,1000000000000000.0,0.6387501238374589,20.52171119096907,0.0009288292250172,False,1.1654929216008587,0.7080802702174945,607.5371691188939
3.237457542817644,3.906939937054617,1000000000000.0,0.6694823942369728,18.91244411201198,797.2988921376648,False,32.21789532565011,2051.1981168378693,63666.42190946653
3.237457542817644,3.906939937054617,2682695795279.7275,0.6694823942369728,24.4218004116264,870.7224849239904,False,18.312382275522335,701.0623206164644,38283.51276576152
3.237457542817644,3.906939937054617,7196856730011.528,0.6694823942369728,39.24952772232186,379.4532847236942,False,10.131924582222494,234.98956175190813,23192.983706592284
3.237457542817644,3.906939937054617,19306977288832.457,0.6694823942369728,48.36156705024563,131.29145852124654,False,6.650945813975083,76.6471845052089,11524.253339150126
3.237457542817644,3.906939937054617,51794746792312.02,0.6694823942369728,43.00872414987662,37.77063694539357,False,4.023760175963039,24.285579624530527,6035.543512162244
3.237457542817644,3.906939937054617,138949549437313.6,0.6694823942369728,29.300176065194098,7.866681790071574,False,2.11535109551145,7.447238746161842,3520.5686479015667
3.237457542817644,3.906939937054617,372759372031493.8,0.6694823942369728,22.429629988509017,1.0816036303107095,False,1.6339907224429469,2.1591864290646963,1321.4190260741136
3.237457542817644,3.906939937054617,1000000000000000.0,0.6694823942369728,20.07757958264334,0.0008469459808314,False,1.1460422453356611,0.6061347847686265,528.8939279817711
3.393221771895328,3.906939937054617,1000000000000.0,0.5137181651592888,13.600877829562572,0.0808053810036086,False,32.21789532565011,2051.1981168378693,63666.42190946653
3.393221771895328,3.906939937054617,2682695795279.7275,0.5137181651592888,18.268807576313765,548.8819609789678,False,18.312382275522335,701.0623206164644,38283.51276576152
3.393221771895328,3.906939937054617,7196856730011.528,0.5137181651592888,28.51914879675756,287.68540901905857,False,10.131924582222494,234.98956175190813,23192.983706592284
3.393221771895328,3.906939937054617,19306977288832.457,0.5137181651592888,33.61364488567053,99.53962309984244,False,6.650945813975083,76.6471845052089,11524.253339150126
3.393221771895328,3.906939937054617,51794746792312.02,0.5137181651592888,28.82613342801915,26.111611009174624,False,4.023760175963039,24.285579624530527,6035.543512162244
3.393221771895328,3.906939937054617,138949549437313.6,0.5137181651592888,20.00858522852597,4.735334922917111,False,2.11535109551145,7.447238746161842,3520.5686479015667
3.393221771895328,3.906939937054617,372759372031493.8,0.5137181651592888,15.872556788498784,0.1127467958244945,False,1.6339907224429469,2.1591864290646963,1321.4190260741136
3.393221771895328,3.906939937054617,1000000000000000.0,0.5137181651592888,14.43758773495522,0.000509817606442,False,1.1460422453356611,0.6061347847686265,528.8939279817711
3.5564803062231287,4.094915062380425,1000000000000.0,0.538434756157296,12.721635530664132,0.0621939898929729,False,32.21488970312167,1720.5028212251154,53407.068504052535
3.5564803062231287,4.094915062380425,2682695795279.7275,0.538434756157296,17.58843055682012,435.79130123970214,False,18.227036711463867,589.4558237306442,32339.64099934614
3.5564803062231287,4.094915062380425,7196856730011.528,0.538434756157296,27.31369229581538,228.4112207303821,False,10.070637733272738,198.12359485457912,19673.39111007752
3.5564803062231287,4.094915062380425,19306977288832.457,0.538434756157296,31.98887196748254,82.76289456246334,False,6.603534164143368,64.8291010098794,9817.334081785468
3.5564803062231287,4.094915062380425,51794746792312.02,0.538434756157296,27.29740764118921,21.710676025372628,False,3.976330677119799,20.617417832483795,5185.036031112418
3.5564803062231287,4.094915062380425,138949549437313.6,0.538434756157296,19.24789694509334,3.759674965785467,False,2.0947872010541766,6.346284305252282,3029.5603782850067
3.5564803062231287,4.094915062380425,372759372031493.8,0.538434756157296,15.469136065486763,0.0026844648109619,False,1.6195728942639471,1.8482050058379869,1141.1681514205304
3.5564803062231287,4.094915062380425,1000000000000000.0,0.538434756157296,14.15227809260038,0.0004868271040122,False,1.1271708924776291,0.5222071643710893,463.2901433634683
3.72759372031494,4.2919342601287775,1000000000000.0,0.5643405398138377,11.890745283491391,0.0524289542711248,False,32.22382742718823,1453.5114924408315,45106.730282898025
3.72759372031494,4.2919342601287775,2682695795279.7275,0.5643405398138377,16.924269957693376,330.3985069871855,False,18.148948567534575,499.1363517045129,27502.218646284786
3.72759372031494,4.2919342601287775,7196856730011.528,0.5643405398138377,26.15755819604951,181.34978041964953,False,10.014026686429869,168.20860074876495,16797.299030239905
3.72759372031494,4.2919342601287775,19306977288832.457,0.5643405398138377,30.45857764369866,65.7105754603627,False,6.557849618104266,55.209390509979826,8418.825335299422
3.72759372031494,4.2919342601287775,51794746792312.02,0.5643405398138377,25.880220475692735,17.237447080636198,False,3.9308405645335776,17.620594746506278,4482.65312653226
3.72759372031494,4.2919342601287775,138949549437313.6,0.5643405398138377,18.55144641204771,2.850426320853432,False,2.0758066183910553,5.4434195536913235,2622.3153474240694
3.72759372031494,4.2919342601287775,372759372031493.8,0.5643405398138377,15.092330670044868,0.0021313624718414,False,1.6053955471978096,1.5920903266856323,991.7121854888652
3.72759372031494,4.2919342601287775,1000000000000000.0,0.5643405398138377,13.882403172902476,0.000464873370802,False,1.1088752176917105,0.4526592673506283,408.21479290781366
3.906939937054617,4.498432668969445,1000000000000.0,0.5914927319148284,11.105792065195672,0.0422612630879449,False,32.244590322116466,1236.4028919614093,38344.50615157497
3.906939937054617,4.498432668969445,2682695795279.7275,0.5914927319148284,16.277336417877354,262.3237882163124,False,18.078054876612633,425.52486860258153,23538.199850973902
3.906939937054617,4.498432668969445,7196856730011.528,0.5914927319148284,25.05019478929319,150.78450458610482,False,9.961897154240472,143.76420739191266,14431.40851245555
3.906939937054617,4.498432668969445,19306977288832.457,0.5914927319148284,29.017948381866816,54.635503522148646,False,6.513896184573515,47.32525289010691,7265.275888520388
3.906939937054617,4.498432668969445,51794746792312.02,0.5914927319148284,24.5726448058341,14.332192255035707,False,3.8872610568632666,15.155744330662166,3898.82338977556
3.906939937054617,4.498432668969445,138949549437313.6,0.5914927319148284,17.909791107277332,2.2631295683995294,False,2.058265650312845,4.698123473824344,2282.5641933587417
3.906939937054617,4.498432668969445,372759372031493.8,0.5914927319148284,14.739740880459658,0.0018558252277555,False,1.59146857230286,1.37980092361543,866.998536841261
3.906939937054617,4.498432668969445,1000000000000000.0,0.5914927319148284,13.62337556799985,0.000464873370802,False,1.0911503220566692,0.394666271334032,361.6974337597591
4.094915062380425,4.714866363457394,1000000000000.0,0.619951301076969,10.364452573460156,0.0325779247147967,False,32.27707166437209,1058.6430948403822,32798.61029056512
4.094915062380425,4.714866363457394,2682695795279.7275,0.619951301076969,15.648433114463115,208.275063019051,False,18.014289664385505,365.1231713407648,20268.530047155746
4.094915062380425,4.714866363457394,7196856730011.528,0.619951301076969,23.99079063490278,125.37079874409196,False,9.914067724170316,123.6563667354208,12472.818441006695
4.094915062380425,4.714866363457394,19306977288832.457,0.619951301076969,27.662269496129554,43.37850187558984,False,6.471677753925763,40.821050361445344,6307.64570078957
4.094915062380425,4.714866363457394,51794746792312.02,0.619951301076969,23.390634888899424,11.37921293915314,False,3.8455632368282,13.115372896655748,3410.5206673114644
4.094915062380425,4.714866363457394,138949549437313.6,0.619951301076969,17.31748115439194,1.7158089856100032,False,2.0420265340465535,4.079021399489988,1997.5359435740788
4.094915062380425,4.714866363457394,372759372031493.8,0.619951301076969,14.40420908817615,0.001692220351641,False,1.577801115281399,1.2027526594199502,762.2967481585539
4.094915062380425,4.714866363457394,1000000000000000.0,0.619951301076969,13.374793908560392,0.0004439096531392,False,1.073990250304961,0.3460192378353093,322.18098603507497
4.2919342601287775,4.941713361323834,1000000000000.0,0.6497791011950564,9.6644957860611,0.0,False,32.321174776974885,912.142665966564,28221.210158993377
4.2919342601287775,4.941713361323834,2682695795279.7275,0.6497791011950564,15.038161314737108,165.36244070941788,False,17.95758444415214,315.2386777944587,17554.62594509005
4.2919342601287775,4.941713361323834,7196856730011.528,0.6497791011950564,22.978320562756917,99.53962309984244,False,9.870370116239153,107.00988745655866,10841.52733852416
4.2919342601287775,4.941713361323834,19306977288832.457,0.6497791011950564,26.386960776061503,36.06734951574032,False,6.431197913836384,35.42149287066675,5507.759727695407
4.2919342601287775,4.941713361323834,51794746792312.02,0.6497791011950564,22.321211573036667,9.46132375589076,False,3.805718079628585,11.415973484984312,2999.6897421520093
4.2919342601287775,4.941713361323834,138949549437313.6,0.6497791011950564,16.77124513050175,1.3008537010905707,False,2.0269604789192877,3.561648789487328,1757.1377570155134
4.2919342601287775,4.941713361323834,372759372031493.8,0.6497791011950564,14.086753565105996,0.0015430384691835,False,1.5644016081012715,1.0542253188823212,673.884067507348
4.2919342601287775,4.941713361323834,1000000000000000.0,0.6497791011950564,13.136273419157767,0.0004238913057338,False,1.0573881678958996,0.3049790448671857,288.4267614551283
4.498432668969445,5.17947467923121,1000000000000.0,0.6810420102617645,9.003782532999056,0.0,False,32.37681180054937,790.644081098412,24420.07217909567
4.498432668969445,5.17947467923121,2682695795279.7275,0.6810420102617645,14.446940235466489,125.37079874409196,False,17.907868703045793,273.7839381233017,15288.471378882525
4.498432668969445,5.17947467923121,7196856730011.528,0.6810420102617645,22.01165685124869,82.76289456246334,False,9.830649179687502,93.14453097014506,9474.911500514552
4.498432668969445,5.17947467923121,19306977288832.457,0.6810420102617645,25.187602413806744,29.988442312310248,False,6.392459796245936,30.91198828377461,4835.695376907668
4.498432668969445,5.17947467923121,51794746792312.02,0.6810420102617645,21.3458762561014,7.511929493320969,False,3.767696483698339,9.992224379783826,2652.0778473046066
4.498432668969445,5.17947467923121,138949549437313.6,0.6810420102617645,16.259746748537765,0.9862521794868784,False,2.012949639029944,3.126799625026404,1553.3422021095537
4.498432668969445,5.17947467923121,372759372031493.8,0.6810420102617645,13.79140439009758,0.0014734543096198,False,1.5512778022511688,0.9289227464475578,598.8113444926062
4.498432668969445,5.17947467923121,1000000000000000.0,0.6810420102617645,12.91370563671672,0.0004047756965997,False,1.0413365187479768,0.2701674875286075,259.4430164164762
4.714866363457394,5.428675439323859,1000000000000.0,0.7138090758664655,8.381237450100997,0.0,False,32.44390262889635,689.2729569993867,21245.06921634889
4.714866363457394,5.428675439323859,2682695795279.7275,0.7138090758664655,13.875026245821934,99.53962309984244,False,17.865070374582125,239.1294138594322,13385.304890802903
4.714866363457394,5.428675439323859,7196856730011.528,0.7138090758664655,21.08941238488034,68.8137698641567,False,9.794762672094317,81.52796495343057,8323.628420901625
4.714866363457394,5.428675439323859,19306977288832.457,0.7138090758664655,24.06000842871599,24.934093699518804,False,6.355465952701797,27.12412678966399,4267.842356724946
4.714866363457394,5.428675439323859,51794746792312.02,0.7138090758664655,20.45098422929804,6.2458447124396175,False,3.7314693039811417,8.79268934372933,2356.3611616336557
4.714866363457394,5.428675439323859,138949549437313.6,0.7138090758664655,15.787961442587315,0.7477346305177581,False,1.9998881012529095,2.759297789057896,1379.7260893393102
4.714866363457394,5.428675439323859,372759372031493.8,0.7138090758664655,13.50975292102381,0.0014070080856026,False,1.5384368025340156,0.8226442569378755,534.7273645448861
4.714866363457394,5.428675439323859,1000000000000000.0,0.7138090758664655,12.700064394070926,0.0003865221162631,False,1.0258271649185675,0.2404855082926011,234.4308247205477
4.941713361323834,5.428675439323859,1000000000000.0,0.4869620780000252,5.326054467647055,0.0,False,32.44390262889635,689.2729569993867,21245.06921634889
4.941713361323834,5.428675439323859,2682695795279.7275,0.4869620780000252,9.15904713899842,0.0,False,17.865070374582125,239.1294138594322,13385.304890802903
4.941713361323834,5.428675439323859,7196856730011.528,0.4869620780000252,13.497897273859252,26.111611009174624,False,9.794762672094317,81.52796495343057,8323.628420901625
4.941713361323834,5.428675439323859,19306977288832.457,0.4869620780000252,14.950401407608211,11.37921293915314,False,6.355465952701797,27.12412678966399,4267.842356724946
4.941713361323834,5.428675439323859,51794746792312.02,0.4869620780000252,12.587653659168035,1.7968383907677197,False,3.7314693039811417,8.79268934372933,2356.3611616336557
4.941713361323834,5.428675439323859,138949549437313.6,0.4869620780000252,9.923863506821348,0.0,False,1.9998881012529095,2.759297789057896,1379.7260893393102
4.941713361323834,5.428675439323859,372759372031493.8,0.4869620780000252,8.644013711251306,0.0,False,1.5384368025340156,0.8226442569378755,534.7273645448861
4.941713361323834,5.428675439323859,1000000000000000.0,0.4869620780000252,8.192727102792313,0.0,False,1.0258271649185675,0.2404855082926011,234.4308247205477
5.17947467923121,5.689866029018296,1000000000000.0,0.5103913497870858,4.950843380615122,0.0,False,32.5223739962875,604.2067369764529,18578.186729093773
5.17947467923121,5.689866029018296,2682695795279.7275,0.5103913497870858,8.787652388262915,0.0,False,17.829116293375037,209.994540780869,11778.179990833254
5.17947467923121,5.689866029018296,7196856730011.528,0.5103913497870858,12.94052785699616,19.796717529513284,False,9.762580864268614,71.74085833644294,7348.554581403468
5.17947467923121,5.689866029018296,19306977288832.457,0.5103913497870858,14.317278578999954,9.034660211810516,False,6.320218255184088,23.92488475680664,3785.452304148282
5.17947467923121,5.689866029018296,51794746792312.02,0.5103913497870858,12.124127508432087,1.242190995452616,False,3.697007387697396,7.776607134273848,2103.487042020045
5.17947467923121,5.689866029018296,138949549437313.6,0.5103913497870858,9.668702936881097,0.0,False,1.9876820717734536,2.4470762105034005,1231.1205324300508
5.17947467923121,5.689866029018296,372759372031493.8,0.5103913497870858,8.48483106704207,0.0,False,1.5258851005515528,0.7320374929852485,479.7461438745573
5.17947467923121,5.689866029018296,1000000000000000.0,0.5103913497870858,8.065081778157602,0.0,False,1.0108515092904058,0.215051364218156,212.74278392196004
5.428675439323859,5.963623316594643,1000000000000.0,0.5349478772707839,4.596903550142878,0.0,False,32.61215870361376,532.428299199984,16326.067343128245
5.428675439323859,5.963623316594643,2682695795279.7275,0.5349478772707839,8.430579826313302,0.0,False,17.79993262857604,185.3665467986316,10413.890359396297
5.428675439323859,5.963623316594643,7196856730011.528,0.5349478772707839,12.410101763665518,15.009032755797335,False,9.733986012101065,63.450803552811216,6518.481069721145
5.428675439323859,5.963623316594643,19306977288832.457,0.5349478772707839,13.722236018473549,6.84969671635744,False,6.286717819925396,21.20853359351897,3373.5462925184456
5.428675439323859,5.963623316594643,51794746792312.02,0.5349478772707839,11.692733635308866,0.820026061993413,False,3.6642816123003894,6.911478048192603,1886.1754579647784
5.428675439323859,5.963623316594643,138949549437313.6,0.5349478772707839,9.427411341543191,0.0,False,1.976249478856668,2.1804821551841167,1103.3435699857107
5.428675439323859,5.963623316594643,372759372031493.8,0.5349478772707839,8.33236713506532,0.0,False,1.5136286072280245,0.6544112328499735,432.3459729321752
5.428675439323859,5.963623316594643,1000000000000000.0,0.5349478772707839,7.942329250762587,0.0,False,0.9964006026203988,0.1931535527525339,193.85130061600344
5.689866029018296,6.250551925273971,1000000000000.0,0.5606858962556753,4.281629814388918,0.0,False,32.713194970560615,471.541403736142,14414.40997005928
5.689866029018296,6.250551925273971,2682695795279.7275,0.5606858962556753,8.087521567490755,0.0,False,17.777445293359992,164.43950950107958,9249.895403278162
5.689866029018296,6.250551925273971,7196856730011.528,0.5606858962556753,11.905411523714642,10.866061138545955,False,9.70887173245587,56.392693919294665,5808.367385344998
5.689866029018296,6.250551925273971,19306977288832.457,0.5606858962556753,13.16313392018017,5.438397428464791,False,6.254964951517479,18.89053379457184,3020.086274022834
5.689866029018296,6.250551925273971,51794746792312.02,0.5606858962556753,11.291366293016369,0.4936132098237917,False,3.6332629251873048,6.171236183573983,1698.5382865612014
5.689866029018296,6.250551925273971,138949549437313.6,0.5606858962556753,9.20273401339444,0.0,False,1.965519197328541,1.9517493871890388,992.9943140935902
5.689866029018296,6.250551925273971,372759372031493.8,0.5606858962556753,8.186321774522893,0.0,False,1.5016726838592644,0.5875927011562646,391.29212875216245
5.689866029018296,6.250551925273971,1000000000000000.0,0.5606858962556753,7.8266052589861,0.0,False,0.9824652361501364,0.1742147428717281,177.32407871692396
5.963623316594643,6.551285568595508,1000000000000.0,0.5876622520008645,4.083261745614459,0.0,False,32.825425901079214,419.63151616592575,12783.734091691693
5.963623316594643,6.551285568595508,2682695795279.7275,0.5876622520008645,7.7581333123559455,0.0,False,17.761580328270597,146.56830521191375,8251.985606180842
5.963623316594643,6.551285568595508,7196856730011.528,0.5876622520008645,11.42528805415425,7.173174944465612,False,9.6871423154273,50.35385844642906,5198.009568439787
5.963623316594643,6.551285568595508,19306977288832.457,0.5876622520008645,12.637524812542514,4.123162591029748,False,6.224959104908707,16.902898356528294,2715.3428756181656
5.963623316594643,6.551285568595508,51794746792312.02,0.5876622520008645,10.91675108609828,0.2054117348353064,False,3.6039223846427912,5.5348571710186425,1535.787006569299
5.963623316594643,6.551285568595508,138949549437313.6,0.5876622520008645,8.98924271470887,0.0,False,1.9554300639490936,1.7545946291159846,897.2934708656819
5.963623316594643,6.551285568595508,372759372031493.8,0.5876622520008645,8.04640447536406,0.0,False,1.4900221713328972,0.5298180676682684,355.5773047285064
5.963623316594643,6.551285568595508,1000000000000000.0,0.5876622520008645,7.715055229148102,0.0,False,0.9690360211482026,0.1577639628126647,162.8050550956109
