Te_requested_eV,ne_requested_cm-3,DeltaTe_requested_eV,Te_old_grid_eV,Te_new_grid_eV,DeltaTe_actual_eV,ne_grid_cm-3,ti_old,ti_new,ni,ratio_QSS_old,ratio_QSS_new,initial_ratio_error_percent_signed,peak_ratio_error_percent_abs,peak_ratio_error_percent_signed,t_peak_ratio_ns,peak_Halpha_error_percent_abs,peak_Hbeta_error_percent_abs,last_t_ratio_abs_error_gt_1pct_us,last_t_ratio_abs_error_gt_5pct_us,last_t_ratio_abs_error_gt_10pct_us,censored_gt_1pct,censored_gt_5pct,censored_gt_10pct,tau_slow_us,tau_fast_ns,M_tau_slow_over_tau_fast,last_t_ratio_abs_error_gt_10pct_display
1.5264179671752334,1000000000000.0,0.6,1.5264179671752334,2.120950887920191,0.5945329207449574,1000000000000.0,9,16,0,5.4115899743921245,4.909723285604908,10.2218935690055,75.52530878673089,75.52530878673089,11.874713526527056,1460.6732541389629,1176.0402366206556,1000.0,1000.0,1000.0,True,True,True,46160.32741102935,33.43079190807853,1380772.777921385,>1e+03 us (censored at t_max)
1.5264179671752334,2682695795279.7275,0.6,1.5264179671752334,2.120950887920191,0.5945329207449574,2682695795279.7275,9,16,1,5.684311446022294,5.1896868673153485,9.53091374013534,87.8930105328511,87.8930105328511,10.71667648032862,1409.492009049551,931.1081014193996,1000.0,1000.0,1000.0,True,True,True,15134.327233914291,20.102686987980785,752850.9618123673,>1e+03 us (censored at t_max)
1.5264179671752334,7196856730011.528,0.6,1.5264179671752334,2.120950887920191,0.5945329207449574,7196856730011.528,9,16,2,5.84074902438391,5.344537740788225,9.284456536038768,105.88005039112907,105.88005039112907,14.135155848353955,1306.7705092478454,623.092620737874,1000.0,1000.0,1000.0,True,True,True,4835.885342555118,11.45845207267731,422036.5291823571,>1e+03 us (censored at t_max)
1.5264179671752334,19306977288832.457,0.6,1.5264179671752334,2.120950887920191,0.5945329207449574,19306977288832.457,9,16,3,5.678973905341896,5.166499500848914,9.919180373651152,164.21673893796475,164.21673893796475,89.51664721378302,1115.7037005273662,360.11607947852247,1000.0,1000.0,1000.0,True,True,True,1493.100489656715,7.424357479562251,201108.37789895185,>1e+03 us (censored at t_max)
1.5264179671752334,51794746792312.02,0.6,1.5264179671752334,2.120950887920191,0.5945329207449574,51794746792312.02,9,16,4,5.2787548762200425,4.756598261292283,10.97752188106591,217.22598401130332,217.22598401130332,56.429084712625425,817.1866430887686,189.12734027410008,1000.0,1000.0,1000.0,True,True,True,443.43366038682274,4.829498083732983,91817.75263156716,>1e+03 us (censored at t_max)
1.5264179671752334,138949549437313.6,0.6,1.5264179671752334,2.120950887920191,0.5945329207449574,138949549437313.6,9,16,5,4.919105429400494,4.398558193794584,11.834496957214014,210.75235038192025,210.75235038192025,29.576166589932505,501.4546568680485,93.54797859056087,758.1576457522118,548.8819609789678,456.3716281924754,False,False,False,127.18925639135684,2.580514536882166,49288.331677073096,456 us
1.5264179671752334,372759372031493.8,0.6,1.5264179671752334,2.120950887920191,0.5945329207449574,372759372031493.8,9,16,6,4.711797010275243,4.193562288028099,12.35786395081372,159.34705193046764,159.34705193046764,17.803320164301123,279.2645768572223,91.33113468366146,181.34978041964953,125.37079874409196,104.24040070215536,False,False,False,34.24947698392869,1.8373867421823311,18640.32007940219,104 us
1.5264179671752334,1000000000000000.0,0.6,1.5264179671752334,2.120950887920191,0.5945329207449574,1000000000000000.0,9,16,7,4.6139879906633885,4.09570508480785,12.654302375871646,104.08276127286992,104.08276127286992,12.307798025066658,152.53195090384287,91.40881196021073,41.422324724838894,27.344736797375745,21.710676025372628,False,False,False,8.647716035611227,1.4425880840001322,5994.584408067546,21.7 us
1.599858719606058,1000000000000.0,0.6,1.599858719606058,2.2229964825261948,0.6231377629201367,1000000000000.0,10,17,0,5.322600396857396,4.857516249217893,9.574525823035474,71.96613582777317,71.96613582777317,12.577063800210247,1284.8300423001065,1032.5072836912773,1000.0,1000.0,1000.0,True,True,True,33991.289544651394,33.252780146367094,1022208.952004423,>1e+03 us (censored at t_max)
1.599858719606058,2682695795279.7275,0.6,1.599858719606058,2.2229964825261948,0.6231377629201367,2682695795279.7275,10,17,1,5.596052139864301,5.138895850966253,8.89600221829948,83.85392576328947,83.85392576328947,11.222773562085072,1239.571525275438,815.4623369737537,1000.0,1000.0,1000.0,True,True,True,11188.69100260836,19.91942111317761,561697.5984912799,>1e+03 us (censored at t_max)
1.599858719606058,7196856730011.528,0.6,1.599858719606058,2.2229964825261948,0.6231377629201367,7196856730011.528,10,17,2,5.752196142943987,5.293642890736691,8.662338236108182,102.5624754764453,102.5624754764453,15.50175117335769,1147.979104104591,544.3024948926463,1000.0,1000.0,1000.0,True,True,True,3591.5894911970463,11.31526513852361,317410.9883620163,>1e+03 us (censored at t_max)
1.599858719606058,19306977288832.457,0.6,1.599858719606058,2.2229964825261948,0.6231377629201367,19306977288832.457,10,17,3,5.588436378267458,5.112911940460719,9.30046211130109,160.32403287984818,160.32403287984818,85.47984528840405,977.4863064839302,313.90197230896496,1000.0,1000.0,1000.0,True,True,True,1114.714883570313,7.354301342675066,151573.18576299254,>1e+03 us (censored at t_max)
1.599858719606058,51794746792312.02,0.6,1.599858719606058,2.2229964825261948,0.6231377629201367,51794746792312.02,10,17,4,5.187485736701233,4.70084942055017,10.352093262627966,207.45819269535156,207.45819269535156,53.884384426082235,712.7642992220659,164.34970677971177,1000.0,1000.0,1000.0,True,True,True,333.1106295581392,4.754354541663807,70064.32243094048,>1e+03 us (censored at t_max)
1.599858719606058,138949549437313.6,0.6,1.599858719606058,2.2229964825261948,0.6231377629201367,138949549437313.6,10,17,5,4.828691971069072,4.342268215477211,11.202066096656484,195.80885711672244,195.80885711672244,28.242413260784357,435.2835870442297,90.26665853444132,548.8819609789678,397.3730381485613,330.3985069871855,False,False,False,96.165822270469,2.529628515241355,38015.78836222666,330 us
1.599858719606058,372759372031493.8,0.6,1.599858719606058,2.2229964825261948,0.6231377629201367,372759372031493.8,10,17,6,4.622127356325193,4.1370811972344885,11.724356761838328,144.02515750284908,144.02515750284908,17.00046975206718,241.14374563147183,89.95712298145133,137.49172258064206,95.05082962189512,75.46672630843871,False,False,False,26.072173508848874,1.8210890893681289,14316.802874204936,75.5 us
1.599858719606058,1000000000000000.0,0.6,1.599858719606058,2.2229964825261948,0.6231377629201367,1000000000000000.0,10,17,7,4.524532958342306,4.038932811022169,12.02298156569832,91.7338929055868,91.7338929055868,11.752771174629451,130.55407894935942,90.0383793830815,29.988442312310248,19.796717529513284,15.71783717773161,False,False,False,6.646058869761605,1.416715366419682,4691.174407571721,15.7 us
1.676832936811008,1000000000000.0,0.6,1.676832936811008,2.329951810515372,0.6531188737043641,1000000000000.0,11,18,0,5.2401036883343615,4.809219424693725,8.95954677027576,68.48562714119552,68.48562714119552,12.723147014995575,1135.3963046302667,910.87781501441,1000.0,1000.0,1000.0,True,True,True,25358.298519091073,33.09028513255663,766336.6579498505,>1e+03 us (censored at t_max)
1.676832936811008,2682695795279.7275,0.6,1.676832936811008,2.329951810515372,0.6531188737043641,2682695795279.7275,11,18,1,5.514394697517174,5.092109729289297,8.292927503092502,79.9214076261566,79.9214076261566,11.752771174629451,1095.2549350666577,717.7589624705926,1000.0,1000.0,1000.0,True,True,True,8378.948888213816,19.743775184988145,424384.3342880348,>1e+03 us (censored at t_max)
1.676832936811008,7196856730011.528,0.6,1.676832936811008,2.329951810515372,0.6531188737043641,7196856730011.528,11,18,2,5.670263939784431,5.2468001698447955,8.070895712274709,99.40825337741342,99.40825337741342,17.00046975206718,1013.2878117682026,477.9778958376105,1000.0,1000.0,1000.0,True,True,True,2701.582934736992,11.179774805402596,241649.13710350048,>1e+03 us (censored at t_max)
1.676832936811008,19306977288832.457,0.6,1.676832936811008,2.329951810515372,0.6531188737043641,19306977288832.457,11,18,3,5.504391487838388,5.063309812990089,8.711330950294565,156.06511658204832,156.06511658204832,81.62508514287221,860.5710900265349,275.12767917158556,1000.0,1000.0,1000.0,True,True,True,842.7149545891934,7.286079280274924,115660.9641718578,>1e+03 us (censored at t_max)
1.676832936811008,51794746792312.02,0.6,1.676832936811008,2.329951810515372,0.6531188737043641,51794746792312.02,11,18,4,5.102472356807326,4.648913400493889,9.756235860733549,197.51148686238895,197.51148686238895,51.45443878390925,624.8634933939536,143.64234545798922,1000.0,1000.0,954.9044557518076,True,True,False,253.33567962950724,4.681496940638104,54114.24654161511,955 us
1.676832936811008,138949549437313.6,0.6,1.676832936811008,2.329951810515372,0.6531188737043641,138949549437313.6,11,18,5,4.744310719485166,4.289611026092691,10.60002155502306,181.491422110675,181.491422110675,26.968806263906924,379.89642389876457,88.73146149888255,416.13905533166985,301.2714070881158,250.49415421745024,False,False,False,73.59231938383975,2.4814550587972364,29656.92210420688,250 us
1.676832936811008,372759372031493.8,0.6,1.676832936811008,2.329951810515372,0.6531188737043641,372759372031493.8,11,18,6,4.538344574533969,4.084107489509267,11.122064886673124,130.09569231984338,130.09569231984338,17.00046975206718,209.41422419420888,88.65474793503078,99.53962309984244,68.8137698641567,54.635503522148646,False,False,False,20.084320934533913,1.8048386461967991,11128.04237478851,54.6 us
1.676832936811008,1000000000000000.0,0.6,1.676832936811008,2.329951810515372,0.6531188737043641,1000000000000000.0,11,18,7,4.440887982901075,3.985598258540716,11.423372222343824,80.95645697837172,80.95645697837172,11.222773562085072,112.40895471103924,88.73972714912327,22.73596682327715,15.009032755797335,11.37921293915314,False,False,False,5.167631527804107,1.391269077479672,3714.3293209430312,11.4 us
1.7575106248547918,1000000000000.0,0.6,1.7575106248547918,2.329951810515372,0.5724411856605802,1000000000000.0,12,18,0,5.1636226499960465,4.809219424693725,7.369246316410061,58.556451217045016,58.556451217045016,13.944231677928824,709.1935194235625,568.9543313764705,1000.0,1000.0,1000.0,True,True,True,25358.298519091073,33.09028513255663,766336.6579498505,>1e+03 us (censored at t_max)
1.7575106248547918,2682695795279.7275,0.6,1.7575106248547918,2.329951810515372,0.5724411856605802,2682695795279.7275,12,18,1,5.43885603735298,5.092109729289297,6.809482247981093,67.93085389569524,67.93085389569524,12.889036123908914,684.6134621273685,448.6512209512936,1000.0,1000.0,1000.0,True,True,True,8378.948888213816,19.743775184988145,424384.3342880348,>1e+03 us (censored at t_max)
1.7575106248547918,7196856730011.528,0.6,1.7575106248547918,2.329951810515372,0.5724411856605802,7196856730011.528,12,18,2,5.594470381827112,5.2468001698447955,6.626328442628639,87.30370757773805,87.30370757773805,22.423396832198453,633.8208607537227,298.9795532684161,1000.0,1000.0,1000.0,True,True,True,2701.582934736992,11.179774805402596,241649.13710350048,>1e+03 us (censored at t_max)
1.7575106248547918,19306977288832.457,0.6,1.7575106248547918,2.329951810515372,0.5724411856605802,19306977288832.457,12,18,3,5.426366545193124,5.063309812990089,7.170344016311324,134.60756765790367,134.60756765790367,81.62508514287221,538.5353572810469,172.1716884217944,1000.0,1000.0,1000.0,True,True,True,842.7149545891934,7.286079280274924,115660.9641718578,>1e+03 us (censored at t_max)
1.7575106248547918,51794746792312.02,0.6,1.7575106248547918,2.329951810515372,0.5724411856605802,51794746792312.02,12,18,4,5.023255414772177,4.648913400493889,8.052247526024335,158.60098771295367,158.60098771295367,51.45443878390925,391.0917672072985,89.90338615397184,1000.0,1000.0,831.4567805772047,True,True,False,253.33567962950724,4.681496940638104,54114.24654161511,831 us
1.7575106248547918,138949549437313.6,0.6,1.7575106248547918,2.329951810515372,0.5724411856605802,138949549437313.6,12,18,5,4.6655129420960835,4.289611026092691,8.763076971708294,134.3477910858993,134.3477910858993,25.752633267711985,237.69710396189288,71.6788807453704,379.4532847236942,262.3237882163124,208.275063019051,False,False,False,73.59231938383975,2.4814550587972364,29656.92210420688,208 us
1.7575106248547918,372759372031493.8,0.6,1.7575106248547918,2.329951810515372,0.5724411856605802,372759372031493.8,12,18,6,4.4600054103953015,4.084107489509267,9.20391840448844,89.9661497112759,89.9661497112759,16.23382431612278,130.89922445807554,71.78637930626451,90.76446072885356,59.91769669310613,47.5723613918789,False,False,False,20.084320934533913,1.8048386461967991,11128.04237478851,47.6 us
1.7575106248547918,1000000000000000.0,0.6,1.7575106248547918,2.329951810515372,0.5724411856605802,1000000000000000.0,12,18,7,4.362612038871739,3.985598258540716,9.459402475478369,53.514651995783105,53.514651995783105,10.71667648032862,88.11074087134449,71.85434655874903,20.73162127401227,12.479362054713114,9.034660211810516,False,False,False,5.167631527804107,1.391269077479672,3714.3293209430312,9.03 us
1.842069969326716,1000000000000.0,0.6,1.842069969326716,2.442053094548651,0.5999831252219352,1000000000000.0,13,19,0,5.092723140687147,4.764575519558688,6.887237273948191,55.433067042107794,55.433067042107794,14.104869025203651,638.535252914009,511.50606514381553,1000.0,1000.0,1000.0,True,True,True,19154.417648432813,32.942825457805746,581444.2866464634,>1e+03 us (censored at t_max)
1.842069969326716,2682695795279.7275,0.6,1.842069969326716,2.442053094548651,0.5999831252219352,2682695795279.7275,13,19,1,5.368997521602504,5.0490736269324055,6.336288957316614,64.5389422148839,64.5389422148839,13.497723302339418,616.3481589488971,402.4934550602298,1000.0,1000.0,1000.0,True,True,True,6352.396917285685,19.57575578207709,324503.27783010696,>1e+03 us (censored at t_max)
1.842069969326716,7196856730011.528,0.6,1.842069969326716,2.442053094548651,0.5999831252219352,7196856730011.528,13,19,2,5.5243789430461705,5.20376238950916,6.161245067287975,84.64636799828236,84.64636799828236,24.591304254680413,570.0649064947078,267.6601594207967,1000.0,1000.0,1000.0,True,True,True,2056.9170147082664,11.051774242343388,186116.4523997844,>1e+03 us (censored at t_max)
1.842069969326716,19306977288832.457,0.6,1.842069969326716,2.442053094548651,0.5999831252219352,19306977288832.457,13,19,3,5.353934082638066,5.017454381259619,6.706183570601366,129.70279072965897,129.70279072965897,81.62508514287221,483.167380357819,153.8791011225277,1000.0,1000.0,1000.0,True,True,True,644.7445500326531,7.219656451401053,89304.04851986184,>1e+03 us (censored at t_max)
1.842069969326716,51794746792312.02,0.6,1.842069969326716,2.442053094548651,0.5999831252219352,51794746792312.02,13,19,4,4.949419161932974,4.600556353509171,7.583056952616207,149.51326605749446,149.51326605749446,49.13407286296357,349.48628924471643,80.14537711754033,1000.0,758.1576457522118,630.3753153071268,True,False,False,194.94050504095333,4.6109019539621325,42278.17181700028,630 us
1.842069969326716,138949549437313.6,0.6,1.842069969326716,2.442053094548651,0.5999831252219352,138949549437313.6,13,19,5,4.591891774082165,4.2403544135578715,8.290282515072505,123.84157352602024,123.84157352602024,25.752633267711985,211.53055212370947,70.70926597819093,287.68540901905857,198.8827856988812,157.90533144741727,False,False,False,56.96899631550063,2.4359491406748908,23386.77575990651,158 us
1.842069969326716,372759372031493.8,0.6,1.842069969326716,2.442053094548651,0.5999831252219352,372759372031493.8,13,19,6,4.386707455847532,4.034409006590322,8.732343415893626,81.39441277427824,81.39441277427824,16.23382431612278,115.94520920502856,70.84524148962899,68.8137698641567,45.427059863740425,34.440872759738234,False,False,False,15.647600462907988,1.7886523217339454,8748.262741044597,34.4 us
1.842069969326716,1000000000000000.0,0.6,1.842069969326716,2.442053094548651,0.5999831252219352,1000000000000000.0,13,19,7,4.289304482425374,3.9354689862021206,8.990935958682734,47.60826610692332,47.60826610692332,10.233402121916422,86.2833523950455,70.91637094084912,15.71783717773161,9.46132375589076,6.540805914998247,False,False,False,4.062884403977682,1.3662828866188694,2973.677299019731,6.54 us
1.93069772888325,1000000000000.0,0.6,1.93069772888325,2.5595479226995357,0.6288501938162856,1000000000000.0,14,20,0,5.027009370969897,4.723346922217227,6.428967716183114,52.43939943602028,52.43939943602028,14.934914469696842,576.8590413668759,461.50666380168207,1000.0,1000.0,1000.0,True,True,True,14640.943363406972,32.80996529909029,446234.6494408794,>1e+03 us (censored at t_max)
1.93069772888325,2682695795279.7275,0.6,1.93069772888325,2.5595479226995357,0.6288501938162856,2682695795279.7275,14,20,1,5.304420189321471,5.009553224143835,5.88609307026654,61.284132399898375,61.284132399898375,14.135155848353955,556.7968476915123,362.44221352121906,1000.0,1000.0,1000.0,True,True,True,4872.816125484665,19.415364390080423,250977.32020802316,>1e+03 us (censored at t_max)
1.93069772888325,7196856730011.528,0.6,1.93069772888325,2.5595479226995357,0.6288501938162856,7196856730011.528,14,20,2,5.459593805684615,5.16430367646574,5.717907925603632,82.08386314728614,82.08386314728614,26.968806263906924,514.5206692057077,240.58160754983712,1000.0,1000.0,1000.0,True,True,True,1584.3106201799494,10.93104381945092,144936.80991021145,>1e+03 us (censored at t_max)
1.93069772888325,19306977288832.457,0.6,1.93069772888325,2.5595479226995357,0.6288501938162856,19306977288832.457,14,20,3,5.286707115388787,4.975128278657918,6.262729708246244,124.70989285420715,124.70989285420715,77.94415750404951,435.06516218662233,138.11375431244377,1000.0,1000.0,1000.0,True,True,True,498.93612414338673,7.155005848452804,69732.45511060994,>1e+03 us (censored at t_max)
1.93069772888325,51794746792312.02,0.6,1.93069772888325,2.5595479226995357,0.6288501938162856,51794746792312.02,14,20,4,4.8805868469558575,4.555565104786866,7.1346086532155075,140.74134867063344,140.74134867063344,46.91834510607799,313.5136100383529,72.61000479125987,831.4567805772047,574.8030158125339,477.9238649935595,False,False,False,151.69377485925023,4.5425453305826835,33394.00354201686,478 us
1.93069772888325,138949549437313.6,0.6,1.93069772888325,2.5595479226995357,0.6288501938162856,138949549437313.6,14,20,5,4.52307780343895,4.194286045344958,7.839039935268639,114.15330722168656,114.15330722168656,24.591304254680413,189.02999664525737,69.80839077313588,218.11089241915155,150.78450458610482,119.71713434189655,False,False,False,44.586552559616216,2.393067457722548,18631.548565726047,120 us
1.93069772888325,372759372031493.8,0.6,1.93069772888325,2.5595479226995357,0.6288501938162856,372759372031493.8,14,20,6,4.318084828698091,3.987772969064,8.283115969654146,73.75375481255307,73.75375481255307,15.50175117335769,103.15523687591596,69.95155537512004,54.635503522148646,34.440872759738234,26.111611009174624,False,False,False,12.322963309997345,1.7725474474026466,6952.1204230975345,26.1 us
1.93069772888325,1000000000000000.0,0.6,1.93069772888325,2.5595479226995357,0.6288501938162856,1000000000000000.0,14,20,7,4.220600772047389,3.888331688059192,8.54528653017368,44.19690266160339,44.19690266160339,0.3365534975507094,84.55519237819253,70.02598480118196,11.916598430985587,6.84969671635744,4.735334922917111,False,False,False,3.2281694522292983,1.3417855256553637,2405.875894847334,4.74 us
2.023589647725157,1000000000000.0,0.6,2.023589647725157,2.6826957952797255,0.6591061475545685,1000000000000.0,15,21,0,4.966119760686789,4.685313695022262,5.9933247578034825,49.54766351086064,49.54766351086064,15.106253137845188,522.8151049986825,417.8195856050258,1000.0,1000.0,1000.0,True,True,True,11318.4513412937,32.6913114722059,346222.0030822755,>1e+03 us (censored at t_max)
2.023589647725157,2682695795279.7275,0.6,2.023589647725157,2.6826957952797255,0.6591061475545685,2682695795279.7275,15,21,1,5.244760550808367,4.973332657614092,5.457666154278433,58.166553050333,58.166553050333,14.80269126739507,504.64560853196224,327.55108935240844,1000.0,1000.0,1000.0,True,True,True,3779.9375118905546,19.26259680733791,196231.98002309952,>1e+03 us (censored at t_max)
2.023589647725157,7196856730011.528,0.6,2.023589647725157,2.6826957952797255,0.6591061475545685,7196856730011.528,15,21,2,5.39975561927348,5.128217318313704,5.29498428216103,79.59444094495657,79.59444094495657,29.576166589932505,465.9416696226488,217.07342976405127,1000.0,1000.0,1000.0,True,True,True,1233.8399788511456,10.817353005078232,114061.17358580387,>1e+03 us (censored at t_max)
2.023589647725157,19306977288832.457,0.6,2.023589647725157,2.6826957952797255,0.6591061475545685,19306977288832.457,15,21,3,5.224334955246503,4.93613339629721,5.83860961224186,119.6792132464081,119.6792132464081,74.42922330043758,393.1108411741999,124.4685939498022,1000.0,1000.0,1000.0,True,True,True,390.3231377626265,7.092107017609072,55036.2729712748,>1e+03 us (censored at t_max)
2.023589647725157,51794746792312.02,0.6,2.023589647725157,2.6826957952797255,0.6591061475545685,51794746792312.02,15,21,4,4.81641667960031,4.513745152097349,6.7055519818685365,132.3346422924864,132.3346422924864,44.802536798294895,282.2856055963498,70.87825529152238,630.3753153071268,435.79130123970214,362.341632332315,False,False,False,119.30732705523606,4.47640205032073,26652.50478264967,362 us
2.023589647725157,138949549437313.6,0.6,2.023589647725157,2.6826957952797255,0.6591061475545685,138949549437313.6,15,21,5,4.458735182246789,4.151211569274449,7.408044804280801,105.25537580203816,105.25537580203816,23.48234600554277,169.60019230885257,68.95254876082872,173.1717133723353,114.3184250129148,90.76446072885356,False,False,False,35.26184097172855,2.3527660066334155,14987.398182526827,90.8 us
2.023589647725157,372759372031493.8,0.6,2.023589647725157,2.6826957952797255,0.6591061475545685,372759372031493.8,15,21,6,4.253804369652089,3.9440041323104023,7.854967361816737,66.95024315307685,66.95024315307685,14.80269126739507,92.1678309356316,69.10266979077613,41.422324724838894,26.111611009174624,19.796717529513284,False,False,False,9.804761844663176,1.7565414072585348,5581.856370790394,19.8 us
2.023589647725157,1000000000000000.0,0.6,2.023589647725157,2.6826957952797255,0.6591061475545685,1000000000000000.0,15,21,7,4.156168702637515,3.843990371985652,8.12120480131705,42.44478549955751,42.44478549955751,0.3213764344100275,82.92004376478187,69.18054520472165,9.46132375589076,5.193149936590212,3.5901303770070685,False,False,False,2.590791762496488,1.317801119199103,1965.996025311504,3.59 us
2.120950887920191,1000000000000.0,0.6,2.120950887920191,2.6826957952797255,0.5617449073595346,1000000000000.0,16,21,0,4.909723285604908,4.685313695022262,4.789638542688408,40.43377866692949,40.43377866692949,16.551390306833433,337.16653258117157,269.45433375361307,1000.0,1000.0,1000.0,True,True,True,11318.4513412937,32.6913114722059,346222.0030822755,>1e+03 us (censored at t_max)
2.120950887920191,2682695795279.7275,0.6,2.120950887920191,2.6826957952797255,0.5617449073595346,2682695795279.7275,16,21,1,5.1896868673153485,4.973332657614092,4.350286308920485,47.51995649438599,47.51995649438599,17.00046975206718,325.6519279978552,211.37139807297177,1000.0,1000.0,1000.0,True,True,True,3779.9375118905546,19.26259680733791,196231.98002309952,>1e+03 us (censored at t_max)
2.120950887920191,7196856730011.528,0.6,2.120950887920191,2.6826957952797255,0.5617449073595346,7196856730011.528,16,21,2,5.344537740788225,5.128217318313704,4.218238211200688,67.27506201123771,67.27506201123771,37.2513730080021,300.8545245145195,140.16246016362612,1000.0,1000.0,1000.0,True,True,True,1233.8399788511456,10.817353005078232,114061.17358580387,>1e+03 us (censored at t_max)
2.120950887920191,19306977288832.457,0.6,2.120950887920191,2.6826957952797255,0.5617449073595346,19306977288832.457,16,21,3,5.166499500848914,4.93613339629721,4.666934340237003,96.1909669553336,96.1909669553336,74.42922330043758,253.9286657959515,80.40008227113215,1000.0,1000.0,1000.0,True,True,True,390.3231377626265,7.092107017609072,55036.2729712748,>1e+03 us (censored at t_max)
2.120950887920191,51794746792312.02,0.6,2.120950887920191,2.6826957952797255,0.5617449073595346,51794746792312.02,16,21,4,4.756598261292283,4.513745152097349,5.3803017452611295,99.27912069065871,99.27912069065871,44.802536798294895,182.37287953690833,55.00933058476627,574.8030158125339,379.4532847236942,301.2714070881158,False,False,False,119.30732705523606,4.47640205032073,26652.50478264967,301 us
2.120950887920191,138949549437313.6,0.6,2.120950887920191,2.6826957952797255,0.5617449073595346,138949549437313.6,16,21,5,4.398558193794584,4.151211569274449,5.958420099589548,74.26097034799957,74.26097034799957,22.423396832198453,109.54597116724672,54.48419927391487,157.90533144741727,99.53962309984244,75.46672630843871,False,False,False,35.26184097172855,2.3527660066334155,14987.398182526827,75.5 us
2.120950887920191,372759372031493.8,0.6,2.120950887920191,2.6826957952797255,0.5617449073595346,372759372031493.8,16,21,6,4.193562288028099,3.9440041323104023,6.327532815527376,45.31677853944664,45.31677853944664,14.80269126739507,64.95743886498818,54.60147815202667,37.77063694539357,21.710676025372628,15.009032755797335,False,False,False,9.804761844663176,1.7565414072585348,5581.856370790394,15 us
2.120950887920191,1000000000000000.0,0.6,2.120950887920191,2.6826957952797255,0.5617449073595346,1000000000000000.0,16,21,7,4.09570508480785,3.843990371985652,6.548265954479257,32.8300665903862,32.8300665903862,0.3068837891917639,64.78994365840146,54.662248308015485,8.238187331399601,4.123162591029748,2.3700062920093257,False,False,False,2.590791762496488,1.317801119199103,1965.996025311504,2.37 us
2.2229964825261948,1000000000000.0,0.6,2.2229964825261948,2.8117686979742302,0.5887722154480355,1000000000000.0,17,22,0,4.857516249217893,4.6502717834719665,4.4566097509077975,38.08353688885387,38.08353688885387,16.739701156304946,309.882809078851,247.43518412083648,1000.0,1000.0,1000.0,True,True,True,8845.057575598536,32.586510286971546,271433.1021550009,>1e+03 us (censored at t_max)
2.2229964825261948,2682695795279.7275,0.6,2.2229964825261948,2.8117686979742302,0.5887722154480355,2682695795279.7275,17,22,1,5.138895850966253,4.940212634425147,4.021754350341376,45.04717945459826,45.04717945459826,17.803320164301123,299.32010836405294,193.78564443584963,1000.0,1000.0,1000.0,True,True,True,2963.674924706976,19.11744276559142,155024.65267170325,>1e+03 us (censored at t_max)
2.2229964825261948,7196856730011.528,0.6,2.2229964825261948,2.8117686979742302,0.5887722154480355,7196856730011.528,17,22,2,5.293642890736691,5.095313821737536,3.89238182254934,65.03512183279385,65.03512183279385,40.85285803928557,276.3131145606182,128.3236862416812,1000.0,1000.0,1000.0,True,True,True,971.0763324548368,10.710462606035556,90666.1428337947,>1e+03 us (censored at t_max)
2.2229964825261948,19306977288832.457,0.6,2.2229964825261948,2.8117686979742302,0.5887722154480355,19306977288832.457,17,22,3,5.112911940460719,4.90028898281891,4.3389881369710475,91.7309282814766,91.7309282814766,71.07279696773412,232.7233809421172,73.53662443737416,1000.0,1000.0,831.4567805772047,True,True,False,308.5380001963082,7.03094496329352,43882.86379812296,831 us
2.2229964825261948,51794746792312.02,0.6,2.2229964825261948,2.8117686979742302,0.5887722154480355,51794746792312.02,17,22,4,4.70084942055017,4.474918873888033,5.04881882843693,93.09255619888368,93.09255619888368,42.78214201767613,166.5961255076071,54.16675917592586,456.3716281924754,301.2714070881158,239.19798400202373,False,False,False,94.79489824458636,4.412446449911017,21483.52378225418,239 us
2.2229964825261948,138949549437313.6,0.6,2.2229964825261948,2.8117686979742302,0.5887722154480355,138949549437313.6,17,22,5,4.342268215477211,4.110952916825085,5.626804863305759,68.65639763628218,68.65639763628218,21.41220154815727,99.74715433161973,53.87831357082109,119.71713434189655,75.46672630843871,57.215675550632405,False,False,False,28.166277569338508,2.3149971105520595,12166.873747251317,57.2 us
2.2229964825261948,372759372031493.8,0.6,2.2229964825261948,2.8117686979742302,0.5887722154480355,372759372031493.8,17,22,6,4.1370811972344885,3.9029231413721863,5.999555906703718,41.450547874724414,41.450547874724414,14.135155848353955,63.54353456194227,54.00134049057805,29.988442312310248,17.237447080636198,11.37921293915314,False,False,False,7.877747320559798,1.74065136088607,4525.7467966185195,11.4 us
2.2229964825261948,1000000000000000.0,0.6,2.2229964825261948,2.8117686979742302,0.5887722154480355,1000000000000000.0,17,22,7,4.038932811022169,3.802264735713429,6.22439760929309,31.773264674532776,31.773264674532776,0.2930446976972138,63.65458406881257,54.06496789066767,6.540805914998247,3.126007243068704,1.7158089856100032,False,False,False,2.099180216262045,1.2943495310413975,1621.8032037861542,1.72 us
2.329951810515372,1000000000000.0,0.6,2.329951810515372,2.9470517025518106,0.6170998920364386,1000000000000.0,18,23,0,4.809219424693725,4.6180314153475335,4.140032670864803,35.84667372839665,35.84667372839665,17.71980707324665,285.4666407264616,227.78969085717208,1000.0,1000.0,1000.0,True,True,True,6983.905634113118,32.49524432140352,214920.8531881404,>1e+03 us (censored at t_max)
2.329951810515372,2682695795279.7275,0.6,2.329951810515372,2.9470517025518106,0.6170998920364386,2682695795279.7275,18,23,1,5.092109729289297,4.91000873423557,3.7087713059247447,42.69841532686384,42.69841532686384,18.64408533970485,275.77082403789717,178.1437419509221,1000.0,1000.0,1000.0,True,True,True,2347.509988028516,18.97988573589256,123684.09487256172,>1e+03 us (censored at t_max)
2.329951810515372,7196856730011.528,0.6,2.329951810515372,2.9470517025518106,0.6170998920364386,7196856730011.528,18,23,2,5.2468001698447955,5.065419159610131,3.580770011708631,62.82018742872587,62.82018742872587,44.802536798294895,254.3951025466356,117.83052038217068,1000.0,1000.0,1000.0,True,True,True,771.9968636812769,10.610127268974878,72760.37733672398,>1e+03 us (censored at t_max)
2.329951810515372,19306977288832.457,0.6,2.329951810515372,2.9470517025518106,0.6170998920364386,19306977288832.457,18,23,3,5.063309812990089,4.867429933134053,4.0242978850628806,87.3983063471034,87.3983063471034,71.07279696773412,213.83896590081855,67.471612747406,1000.0,793.9617845382259,630.3753153071268,True,False,False,246.31535571182545,6.9715092068411435,35331.71203017506,630 us
2.329951810515372,51794746792312.02,0.6,2.329951810515372,2.9470517025518106,0.6170998920364386,51794746792312.02,18,23,4,4.648913400493889,4.438923921758442,4.730639281879393,87.30172754173691,87.30172754173691,40.85285803928557,152.61268190704612,53.41893390259048,362.341632332315,228.4112207303821,181.34978041964953,False,False,False,76.05306340834919,4.350652324467722,17480.84143167056,181 us
2.329951810515372,138949549437313.6,0.6,2.329951810515372,2.9470517025518106,0.6170998920364386,138949549437313.6,18,23,5,4.289611026092691,4.073346784956281,5.309251889260203,63.55810694686937,63.55810694686937,20.44660666579118,91.10737910473476,53.3014082142097,95.05082962189512,59.91769669310613,43.37850187558984,False,False,False,22.71304553910757,2.279706074956799,9963.146472528471,43.4 us
2.329951810515372,372759372031493.8,0.6,2.329951810515372,2.9470517025518106,0.6170998920364386,372759372031493.8,18,23,6,4.084107489509267,3.864365060826999,5.686378621673007,37.99977368054752,37.99977368054752,13.497723302339418,62.27970879995998,53.43043148836296,22.73596682327715,13.068702297433475,8.627237292461452,False,False,False,6.388652571852898,1.7248940381837683,3703.794221806139,8.63 us
2.329951810515372,1000000000000000.0,0.6,2.329951810515372,2.9470517025518106,0.6170998920364386,1000000000000000.0,18,23,7,3.985598258540716,3.7629887164663343,5.91576427269821,30.79104195245276,30.79104195245276,0.279829687565511,62.577567996519434,53.4970446683798,5.193149936590212,2.481930289186253,1.242190995452616,False,False,False,1.7163491010819134,1.2714467173994874,1349.9182290488686,1.24 us
2.442053094548651,1000000000000.0,0.6,2.442053094548651,3.088843596477481,0.6467905019288298,1000000000000.0,19,24,0,4.764575519558688,4.5884156673143535,3.839230466830063,33.72067778460336,33.72067778460336,17.920568740961397,263.5579516864223,210.2139234830517,1000.0,1000.0,1000.0,True,True,True,5569.0163707855145,32.41722920765374,171791.86830287962,>1e+03 us (censored at t_max)
2.442053094548651,2682695795279.7275,0.6,2.442053094548651,3.088843596477481,0.6467905019288298,2682695795279.7275,19,24,1,5.0490736269324055,4.882549878558165,3.410589804838134,40.47054850708684,40.47054850708684,19.52455581016861,254.65301107444688,164.19190750679448,1000.0,1000.0,1000.0,True,True,True,1877.652715920378,18.849902892248014,99610.7368114113,>1e+03 us (censored at t_max)
2.442053094548651,7196856730011.528,0.6,2.442053094548651,3.088843596477481,0.6467905019288298,7196856730011.528,19,24,2,5.20376238950916,5.038373186728616,3.28259135738864,60.628282886226344,60.628282886226344,49.13407286296357,234.76696527248956,108.50300460532578,1000.0,1000.0,1000.0,True,True,True,619.65083602497,10.516098142706037,58924.02558593082,>1e+03 us (censored at t_max)
2.442053094548651,19306977288832.457,0.6,2.442053094548651,3.088843596477481,0.6467905019288298,19306977288832.457,19,24,3,5.017454381259619,4.83740524578135,3.7220188578430298,83.20957598695742,83.20957598695742,67.86773050723288,196.97525281988015,62.0959227813625,954.9044557518076,630.3753153071268,500.4939102700954,False,False,False,198.507217264801,6.9137929745900175,28711.767620807637,500 us
2.442053094548651,51794746792312.02,0.6,2.442053094548651,3.088843596477481,0.6467905019288298,51794746792312.02,19,24,4,4.600556353509171,4.405611776661883,4.424915011349358,81.89507141919373,81.89507141919373,39.01057617190993,140.18361049701443,52.746989825821586,287.68540901905857,181.34978041964953,143.98479528760095,False,False,False,61.5839863825017,4.2909930084928325,14351.919534852015,144 us
2.442053094548651,138949549437313.6,0.6,2.442053094548651,3.088843596477481,0.6467905019288298,138949549437313.6,19,24,5,4.2403544135578715,4.038243275684757,5.004927243736739,58.92240019663585,58.92240019663585,20.44660666579118,83.4667489977151,52.75191221561046,75.46672630843871,47.5723613918789,34.440872759738234,False,False,False,18.482079356058783,2.2468278091025184,8225.854816814528,34.4 us
2.442053094548651,372759372031493.8,0.6,2.442053094548651,3.088843596477481,0.6467905019288298,372759372031493.8,19,24,6,4.034409006590322,3.8281780589485166,5.387182739834469,36.069312196504555,36.069312196504555,0.9288292250172498,61.13695774706347,52.8871910532942,18.903973778192235,10.376050197669096,6.540805914998247,False,False,False,5.227184136198184,1.7092855903954127,3058.1104559531022,6.54 us
2.442053094548651,1000000000000000.0,0.6,2.442053094548651,3.088843596477481,0.6467905019288298,1000000000000000.0,19,24,7,3.9354689862021206,3.7260091935308264,5.621558664829955,29.89260354159624,29.89260354159624,0.279829687565511,61.55548738882879,52.95692416497523,4.123162591029748,1.8816944249705556,0.8993066723187614,False,False,False,1.4154946106856268,1.2491050796299168,1133.2069925654357,0.899 us
2.5595479226995357,1000000000000.0,0.6,2.5595479226995357,3.088843596477481,0.5292956737779453,1000000000000.0,20,24,0,4.723346922217227,4.5884156673143535,2.9406937968601996,26.09192635855777,26.09192635855777,18.755536410190793,170.94271135790612,136.3440743215692,1000.0,1000.0,1000.0,True,True,True,5569.0163707855145,32.41722920765374,171791.86830287962,>1e+03 us (censored at t_max)
2.5595479226995357,2682695795279.7275,0.6,2.5595479226995357,3.088843596477481,0.5292956737779453,2682695795279.7275,20,24,1,5.009553224143835,4.882549878558165,2.6011684211032406,31.60468732903576,31.60468732903576,22.423396832198453,165.25350265296933,106.55006801344712,1000.0,1000.0,1000.0,True,True,True,1877.652715920378,18.849902892248014,99610.7368114113,>1e+03 us (censored at t_max)
2.5595479226995357,7196856730011.528,0.6,2.5595479226995357,3.088843596477481,0.5292956737779453,7196856730011.528,20,24,2,5.16430367646574,5.038373186728616,2.499427594383764,48.108904018400914,48.108904018400914,59.093958953409654,152.42389294457286,70.44630584752628,1000.0,1000.0,1000.0,True,True,True,619.65083602497,10.516098142706037,58924.02558593082,>1e+03 us (censored at t_max)
2.5595479226995357,19306977288832.457,0.6,2.5595479226995357,3.088843596477481,0.5292956737779453,19306977288832.457,20,24,3,4.975128278657918,4.83740524578135,2.8470435260034512,62.425106350821544,62.425106350821544,67.86773050723288,127.93099124114488,43.499781653673054,870.7224849239904,548.8819609789678,416.13905533166985,False,False,False,198.507217264801,6.9137929745900175,28711.767620807637,416 us
2.5595479226995357,51794746792312.02,0.6,2.5595479226995357,3.088843596477481,0.5292956737779453,51794746792312.02,20,24,4,4.555565104786866,4.405611776661883,3.403689106682984,58.142784375386555,58.142784375386555,37.2513730080021,91.06237069122544,40.02115218729237,250.49415421745024,157.90533144741727,114.3184250129148,False,False,False,61.5839863825017,4.2909930084928325,14351.919534852015,114 us
2.5595479226995357,138949549437313.6,0.6,2.5595479226995357,3.088843596477481,0.5292956737779453,138949549437313.6,20,24,5,4.194286045344958,4.038243275684757,3.8641250416925614,40.15175751008454,40.15175751008454,19.52455581016861,54.20994788670384,40.14132504996835,68.8137698641567,39.55436244734694,26.111611009174624,False,False,False,18.482079356058783,2.2468278091025184,8225.854816814528,26.1 us
2.5595479226995357,372759372031493.8,0.6,2.5595479226995357,3.088843596477481,0.5292956737779453,372759372031493.8,20,24,6,3.987772969064,3.8281780589485166,4.168952113980796,26.42982188211277,26.42982188211277,0.8469459808314576,46.08973415709695,40.24306781664347,16.460115023085496,7.866681790071574,4.521792417370702,False,False,False,5.227184136198184,1.7092855903954127,3058.1104559531022,4.52 us
2.5595479226995357,1000000000000000.0,0.6,2.5595479226995357,3.088843596477481,0.5292956737779453,1000000000000000.0,20,24,7,3.888331688059192,3.7260091935308264,4.356470585477715,22.624195107970785,22.624195107970785,0.2672106155079427,46.407399237999606,40.295468423377,3.5901303770070685,1.3008537010905707,0.2971295818577334,False,False,False,1.4154946106856268,1.2491050796299168,1133.2069925654357,0.297 us
2.6826957952797255,1000000000000.0,0.6,2.6826957952797255,3.237457542817644,0.5547617475379187,1000000000000.0,21,25,0,4.685313695022262,4.5612591797636854,2.7197427370264395,24.498300778144717,24.498300778144717,19.849940356804677,159.48396599088198,127.17519293929544,1000.0,1000.0,1000.0,True,True,True,4482.797632884099,32.3522105008015,138562.32892565537,>1e+03 us (censored at t_max)
2.6826957952797255,2682695795279.7275,0.6,2.6826957952797255,3.237457542817644,0.5547617475379187,2682695795279.7275,21,25,1,4.973332657614092,4.857676949137026,2.38088513682687,29.973085812954174,29.973085812954174,23.48234600554277,154.21046014041696,99.27552339344456,1000.0,1000.0,1000.0,True,True,True,1515.8748409723703,18.72746520754154,80943.94111392759,>1e+03 us (censored at t_max)
2.6826957952797255,7196856730011.528,0.6,2.6826957952797255,3.237457542817644,0.5547617475379187,7196856730011.528,21,25,2,5.128217318313704,5.0140282068518705,2.2773926821111634,46.24534509324217,46.24534509324217,64.8071982631197,142.1573595045854,65.59050418604954,1000.0,1000.0,954.9044557518076,True,True,False,501.9484737452774,10.428125591773686,48134.10323148042,955 us
2.6826957952797255,19306977288832.457,0.6,2.6826957952797255,3.237457542817644,0.5547617475379187,19306977288832.457,21,25,3,4.93613339629721,4.810076631343916,2.620681012270586,59.3095176344419,59.3095176344419,64.8071982631197,119.10860595163062,42.41120773363383,691.3203779678128,435.79130123970214,330.3985069871855,False,False,False,161.42699653739112,6.8577924955196545,23539.206915761144,330 us
2.6826957952797255,51794746792312.02,0.6,2.6826957952797255,3.237457542817644,0.5547617475379187,51794746792312.02,21,25,4,4.513745152097349,4.374846450920959,3.1749388860756502,54.64119310021848,54.64119310021848,37.2513730080021,84.56542301374293,39.61161828876299,208.275063019051,125.37079874409196,90.76446072885356,False,False,False,50.30987852715397,4.233441440429944,11883.919793170577,90.8 us
2.6826957952797255,138949549437313.6,0.6,2.6826957952797255,3.237457542817644,0.5547617475379187,138949549437313.6,21,25,5,4.151211569274449,4.00550467540568,3.6376663036602648,37.4354450844755,37.4354450844755,18.64408533970485,50.22447109761874,39.76570792519441,54.635503522148646,31.404652194967493,20.73162127401227,False,False,False,15.169576207240812,2.216283892986786,6844.5997623514995,20.7 us
2.6826957952797255,372759372031493.8,0.6,2.6826957952797255,3.237457542817644,0.5547617475379187,372759372031493.8,21,25,6,3.9440041323104023,3.794222228181164,3.947631296257507,25.485107400866987,25.485107400866987,0.808752490877044,45.39406566686198,39.87241830694481,13.068702297433475,6.2458447124396175,3.2736335287152407,False,False,False,4.313166809653983,1.6938414853212178,2546.38161069484,3.27 us
2.6826957952797255,1000000000000000.0,0.6,2.6826957952797255,3.237457542817644,0.5547617475379187,1000000000000000.0,21,25,7,3.843990371985652,3.691184825815383,4.1397424778509615,22.045128300502917,22.045128300502917,0.2672106155079427,45.7199325411518,39.92730255900562,2.850426320853432,0.941776600686952,0.1557344772926135,False,False,False,1.1769971376656905,1.2273338103079463,958.9869746767376,0.156 us
2.8117686979742302,1000000000000.0,0.6,2.8117686979742302,3.393221771895328,0.5814530739210979,1000000000000.0,22,26,0,4.6502717834719665,4.536407003529217,2.510021253696221,22.987188476261764,22.987188476261764,20.07295059468558,149.0327651287448,118.83985257460266,1000.0,1000.0,1000.0,True,True,True,3641.0568515832742,32.29996068259164,112726.35553224236,>1e+03 us (censored at t_max)
2.8117686979742302,2682695795279.7275,0.6,2.8117686979742302,3.393221771895328,0.5814530739210979,2682695795279.7275,22,26,1,4.940212634425147,4.835241540090539,2.170958647344776,28.439167464601763,28.439167464601763,25.752633267711985,144.14468923954337,92.68232633306307,1000.0,1000.0,1000.0,True,True,True,1234.7249421347062,18.61253765859241,66338.34487178054,>1e+03 us (censored at t_max)
2.8117686979742302,7196856730011.528,0.6,2.8117686979742302,3.393221771895328,0.5814530739210979,7196856730011.528,22,26,2,5.095313821737536,4.992247676077393,2.0645238847829783,44.42379732414383,44.42379732414383,71.07279696773412,132.8130695141794,61.205022775637566,1000.0,1000.0,758.1576457522118,True,True,False,410.177886774825,10.34596185165304,39646.18202311353,758 us
2.8117686979742302,19306977288832.457,0.6,2.8117686979742302,3.393221771895328,0.5814530739210979,19306977288832.457,22,26,3,4.90028898281891,4.785317256593607,2.402593601644387,56.34802655528931,56.34802655528931,61.88468238624383,111.10255454746223,41.4657772329882,548.8819609789678,346.0016392185109,262.3237882163124,False,False,False,132.407699097669,6.803506391902586,19461.685118023597,262 us
2.8117686979742302,51794746792312.02,0.6,2.8117686979742302,3.393221771895328,0.5814530739210979,51794746792312.02,22,26,4,4.474918873888033,4.346503320414291,2.9544565828492853,51.393554550247,51.393554550247,33.9673858227221,78.69811853232332,39.225351240556726,165.36244070941788,99.53962309984244,72.0635132129306,False,False,False,41.44739412162263,4.177970214050855,9920.461850645,72.1 us
2.8117686979742302,138949549437313.6,0.6,2.8117686979742302,3.393221771895328,0.5814530739210979,138949549437313.6,22,26,5,4.110952916825085,3.9750043582789463,3.420085773314705,34.959750097579345,34.959750097579345,17.803320164301123,47.27191285260417,39.407392277957456,45.427059863740425,24.934093699518804,16.460115023085496,False,False,False,12.553645361569885,2.1879806376066924,5737.548653676205,16.5 us
2.8117686979742302,372759372031493.8,0.6,2.8117686979742302,3.393221771895328,0.5814530739210979,372759372031493.8,22,26,6,3.9029231413721863,3.7623685262934976,3.735801373427825,24.623962027685415,24.623962027685415,0.808752490877044,44.73144616150251,39.51928287563777,10.866061138545955,4.958962013837212,2.481930289186253,False,False,False,3.5877512480926605,1.6785764372569696,2137.3773445524776,2.48 us
2.8117686979742302,1000000000000000.0,0.6,2.8117686979742302,3.393221771895328,0.5814530739210979,1000000000000000.0,22,26,7,3.802264735713429,3.658385008783208,3.9328754787915776,21.51038863480902,21.51038863480902,0.2551606073727187,45.06614117482698,39.576760968601334,2.2631295683995294,0.7140151304013388,0.0491340728629635,False,False,False,0.9863579321361065,1.2061392276623626,817.7811562001696,0.0491 us
2.9470517025518106,1000000000000.0,0.6,2.9470517025518106,3.5564803062231287,0.6094286036713181,1000000000000.0,23,27,0,4.6180314153475335,4.51371356461342,2.311131383079919,21.554613617892706,21.554613617892706,20.29846620464972,139.4845231262088,111.2507257894826,1000.0,1000.0,1000.0,True,True,True,2982.9040443527915,32.260276336398604,92463.68547027114,>1e+03 us (censored at t_max)
2.9470517025518106,2682695795279.7275,0.6,2.9470517025518106,3.5564803062231287,0.6094286036713181,2682695795279.7275,23,27,1,4.91000873423557,4.8151048307255016,1.970962353809583,27.001522084316548,27.001522084316548,26.968806263906924,134.95329494274816,86.69543404968137,1000.0,1000.0,1000.0,True,True,True,1014.292267925438,18.505079519236155,54811.55954347964,>1e+03 us (censored at t_max)
2.9470517025518106,7196856730011.528,0.6,2.9470517025518106,3.5564803062231287,0.6094286036713181,7196856730011.528,23,27,2,5.065419159610131,4.972905029512047,1.860363902971231,42.64834591290853,42.64834591290853,74.42922330043758,124.29270758716568,57.23646626437606,1000.0,831.4567805772047,601.9481973827262,True,False,False,337.9989658860152,10.269363525256177,32913.33148882599,602 us
2.9470517025518106,19306977288832.457,0.6,2.9470517025518106,3.5564803062231287,0.6094286036713181,19306977288832.457,23,27,3,4.867429933134053,4.763010610844416,2.1922966548068175,53.5385212655204,53.5385212655204,59.093958953409654,103.823976871242,40.638339981228285,456.3716281924754,287.68540901905857,208.275063019051,False,False,False,109.5010563439173,6.7509351499271135,16220.131568750076,208 us
2.9470517025518106,51794746792312.02,0.6,2.9470517025518106,3.5564803062231287,0.6094286036713181,51794746792312.02,23,27,4,4.438923921758442,4.3204680731829335,2.7417364639438646,48.38302060636394,48.38302060636394,32.435608072358114,73.38940611944723,38.86004355244797,137.49172258064206,82.76289456246334,57.215675550632405,False,False,False,34.42171121451249,4.124551619982552,8345.564411837353,57.2 us
2.9470517025518106,138949549437313.6,0.6,2.9470517025518106,3.5564803062231287,0.6094286036713181,138949549437313.6,23,27,5,4.073346784956281,3.9466257999809446,3.210869015652498,32.70191573714818,32.70191573714818,17.00046975206718,45.88555307677811,39.06546965614609,36.06734951574032,19.796717529513284,12.479362054713114,False,False,False,10.470691708763308,2.161808617453192,4843.486895291748,12.5 us
2.9470517025518106,372759372031493.8,0.6,2.9470517025518106,3.5564803062231287,0.6094286036713181,372759372031493.8,23,27,6,3.864365060826999,3.732497824580553,3.5329487770368506,23.834875968749508,23.834875968749508,0.7722813571388658,44.100015620896414,39.1827600035064,8.627237292461452,3.937226329963474,1.8816944249705556,False,False,False,3.0073385705748463,1.6635043642663745,1807.8332916794716,1.88 us
2.9470517025518106,1000000000000000.0,0.6,2.9470517025518106,3.5564803062231287,0.6094286036713181,1000000000000000.0,23,27,7,3.7629887164663343,3.627488937142585,3.7353602360117497,21.00452295022736,21.00452295022736,0.2551606073727187,44.44417164102041,39.24294600451639,1.8816944249705556,0.5413360302965377,0.0010667339377348,False,False,False,0.8327639946235399,1.1855250949036087,702.4431605905813,0.00107 us
3.088843596477481,1000000000000.0,0.6,3.088843596477481,3.72759372031494,0.6387501238374589,1000000000000.0,24,28,0,4.5884156673143535,4.493041735229446,2.122703008456204,20.19742259554799,20.19742259554799,20.526515515369628,130.74784249573025,104.33260382417076,1000.0,1000.0,1000.0,True,True,True,2463.8751708396,32.23297551663995,76439.58186757065,>1e+03 us (censored at t_max)
3.088843596477481,2682695795279.7275,0.6,3.088843596477481,3.72759372031494,0.6387501238374589,2682695795279.7275,24,28,1,4.882549878558165,4.797136567807227,1.7805061320148845,25.66037635916786,25.66037635916786,29.576166589932505,126.54627619858796,81.24954671815367,1000.0,1000.0,1000.0,True,True,True,839.9965345103498,18.40504472255158,45639.472610523335,>1e+03 us (censored at t_max)
3.088843596477481,7196856730011.528,0.6,3.088843596477481,3.72759372031494,0.6387501238374589,7196856730011.528,24,28,2,5.038373186728616,4.955882619758176,1.6644979976233876,40.92256978726193,40.92256978726193,77.94415750404951,116.51024778289027,53.63844554210886,1000.0,691.3203779678128,477.9238649935595,True,False,False,280.7538952782262,10.198093836997908,27530.03647207799,478 us
3.088843596477481,19306977288832.457,0.6,3.088843596477481,3.72759372031494,0.6387501238374589,19306977288832.457,24,28,3,4.83740524578135,4.743049482470125,1.989348069421483,50.87778612521075,50.87778612521075,59.093958953409654,97.19530279051476,39.90591120144592,379.4532847236942,228.4112207303821,165.36244070941788,False,False,False,91.27048744182214,6.700080659433591,13622.29681717562,165 us
3.088843596477481,51794746792312.02,0.6,3.088843596477481,3.72759372031494,0.6387501238374589,51794746792312.02,24,28,4,4.405611776661883,4.296635762291991,2.5363102761998695,45.59327750370773,45.59327750370773,30.972906673314064,68.57747941098756,38.51404862553031,109.16317341936126,65.7105754603627,45.427059863740425,False,False,False,28.80712657482548,4.073157679917695,7072.43098317951,45.4 us
3.088843596477481,138949549437313.6,0.6,3.088843596477481,3.72759372031494,0.6387501238374589,138949549437313.6,24,28,5,4.038243275684757,3.920261689808522,3.009533424336221,30.73549554240967,30.73549554240967,3.228628202536727,44.71248349304483,38.739080545005386,29.988442312310248,16.460115023085496,9.908136566858666,False,False,False,8.799002355262315,2.137643929058137,4116.2151636447825,9.91 us
3.088843596477481,372759372031493.8,0.6,3.088843596477481,3.72759372031494,0.6387501238374589,372759372031493.8,24,28,6,3.8281780589485166,3.70450005121004,3.3385883662784317,23.09929519031963,23.09929519031963,0.7722813571388658,43.49802737117009,38.86199689756603,7.173174944465612,3.126007243068704,1.4266210152607357,False,False,False,2.539339737604196,1.6486383667327154,1540.2648566505702,1.43 us
3.088843596477481,1000000000000000.0,0.6,3.088843596477481,3.72759372031494,0.6387501238374589,1000000000000000.0,24,28,7,3.7260091935308264,3.5983847614003532,3.5467144453114248,20.52171119096907,20.52171119096907,0.2551606073727187,43.85228204437755,38.92500869291575,1.5645475886160958,0.4104180502904709,0.0009288292250172,False,False,False,0.7080802702174945,1.1654929216008587,607.5371691188939,0.000929 us
3.237457542817644,1000000000000.0,0.6,3.237457542817644,3.906939937054617,0.6694823942369728,1000000000000.0,25,29,0,4.5612591797636854,4.474262001326017,1.9443916876545329,18.91244411201198,18.91244411201198,20.75712717335901,122.74239564595786,98.01970564623436,1000.0,1000.0,797.2988921376648,True,True,False,2051.1981168378693,32.21789532565011,63666.42190946653,797 us
3.237457542817644,2682695795279.7275,0.6,3.237457542817644,3.906939937054617,0.6694823942369728,2682695795279.7275,25,29,1,4.857676949137026,4.781214147641367,1.5992339839740484,24.4218004116264,24.4218004116264,33.9673858227221,118.8445839418014,76.28796114037699,1000.0,1000.0,870.7224849239904,True,True,False,701.0623206164644,18.312382275522335,38283.51276576152,871 us
3.237457542817644,7196856730011.528,0.6,3.237457542817644,3.906939937054617,0.6694823942369728,7196856730011.528,25,29,2,5.0140282068518705,4.941070757020973,1.476551407956045,39.24952772232186,39.24952772232186,77.94415750404951,109.39015325611518,50.535816023295446,954.9044557518076,548.8819609789678,379.4532847236942,False,False,False,234.98956175190813,10.131924582222494,23192.983706592284,379 us
3.237457542817644,19306977288832.457,0.6,3.237457542817644,3.906939937054617,0.6694823942369728,19306977288832.457,25,29,3,4.810076631343916,4.725335034780837,1.7933457826659764,48.36156705024563,48.36156705024563,56.429084712625425,91.14855983589844,39.25277623621481,315.4990064958082,189.9140582361935,131.29145852124654,False,False,False,76.6471845052089,6.650945813975083,11524.253339150126,131 us
3.237457542817644,51794746792312.02,0.6,3.237457542817644,3.906939937054617,0.6694823942369728,51794746792312.02,25,29,4,4.374846450920959,4.274909952127787,2.3377451200680923,43.00872414987662,43.00872414987662,29.576166589932505,64.2084403797295,38.1879206569662,90.76446072885356,54.635503522148646,37.77063694539357,False,False,False,24.285579624530527,4.023760175963039,6035.543512162244,37.8 us
3.237457542817644,138949549437313.6,0.6,3.237457542817644,3.906939937054617,0.6694823942369728,138949549437313.6,25,29,5,4.00550467540568,3.8958131305675856,2.8156264472087864,29.300176065194098,29.300176065194098,2.94400047510004,43.695162624395365,38.42741133953291,24.934093699518804,13.068702297433475,7.866681790071574,False,False,False,7.447238746161842,2.11535109551145,3520.5686479015667,7.87 us
3.237457542817644,372759372031493.8,0.6,3.237457542817644,3.906939937054617,0.6694823942369728,372759372031493.8,25,29,6,3.794222228181164,3.6782734192815343,3.1522618272971736,22.429629988509017,22.429629988509017,0.7374549090259562,42.9238402905549,38.55618651372409,5.964184945842459,2.599139918382933,1.0816036303107095,False,False,False,2.1591864290646963,1.6339907224429469,1321.4190260741136,1.08 us
3.237457542817644,1000000000000000.0,0.6,3.237457542817644,3.906939937054617,0.6694823942369728,1000000000000000.0,25,29,7,3.691184825815383,3.5709688278691605,3.3664813035614314,20.07757958264334,20.07757958264334,0.2436540009125466,43.28883439091189,38.62214577093759,1.242190995452616,0.3111615827824356,0.0008469459808314,False,False,False,0.6061347847686265,1.1460422453356611,528.8939279817711,0.000847 us
3.393221771895328,1000000000000.0,0.6,3.393221771895328,3.906939937054617,0.5137181651592888,1000000000000.0,26,29,0,4.536407003529217,4.474262001326017,1.388944192020556,13.600877829562572,13.600877829562572,22.725779150641262,78.35530829103375,62.6105922501368,1000.0,1000.0,0.0808053810036086,True,True,False,2051.1981168378693,32.21789532565011,63666.42190946653,0.0808 us
3.393221771895328,2682695795279.7275,0.6,3.393221771895328,3.906939937054617,0.5137181651592888,2682695795279.7275,26,29,1,4.835241540090539,4.781214147641367,1.1299931519658837,18.268807576313765,18.268807576313765,163.0890675549331,75.88195014355895,48.74496010372755,1000.0,1000.0,548.8819609789678,True,True,False,701.0623206164644,18.312382275522335,38283.51276576152,549 us
3.393221771895328,7196856730011.528,0.6,3.393221771895328,3.906939937054617,0.5137181651592888,7196856730011.528,26,29,2,4.992247676077393,4.941070757020973,1.035745521023,28.51914879675756,28.51914879675756,85.47984528840405,69.86660467553394,33.498692412498585,831.4567805772047,456.3716281924754,287.68540901905857,False,False,False,234.98956175190813,10.131924582222494,23192.983706592284,288 us
3.393221771895328,19306977288832.457,0.6,3.393221771895328,3.906939937054617,0.5137181651592888,19306977288832.457,26,29,3,4.785317256593607,4.725335034780837,1.2693750045503744,33.61364488567053,33.61364488567053,53.884384426082235,58.231472581879686,27.71243673955434,274.71207892708145,150.78450458610482,99.53962309984244,False,False,False,76.6471845052089,6.650945813975083,11524.253339150126,99.5 us
3.393221771895328,51794746792312.02,0.6,3.393221771895328,3.906939937054617,0.5137181651592888,51794746792312.02,26,29,4,4.346503320414291,4.274909952127787,1.6747339496793503,28.82613342801915,28.82613342801915,26.968806263906924,41.02938805860534,27.34303316133211,82.76289456246334,43.37850187558984,26.111611009174624,False,False,False,24.285579624530527,4.023760175963039,6035.543512162244,26.1 us
3.393221771895328,138949549437313.6,0.6,3.393221771895328,3.906939937054617,0.5137181651592888,138949549437313.6,26,29,5,3.9750043582789463,3.8958131305675856,2.0327265466098896,20.00858522852597,20.00858522852597,2.563407409296515,30.63101255513842,27.5126403059705,21.710676025372628,9.908136566858666,4.735334922917111,False,False,False,7.447238746161842,2.11535109551145,3520.5686479015667,4.74 us
3.393221771895328,372759372031493.8,0.6,3.393221771895328,3.906939937054617,0.5137181651592888,372759372031493.8,26,29,6,3.7623685262934976,3.6782734192815343,2.2862657944658302,15.872556788498784,15.872556788498784,0.7041989785449295,30.521088844493192,27.6037284485118,4.958962013837212,1.5645475886160958,0.1127467958244945,False,False,False,2.1591864290646963,1.6339907224429469,1321.4190260741136,0.113 us
3.393221771895328,1000000000000000.0,0.6,3.393221771895328,3.906939937054617,0.5137181651592888,1000000000000000.0,26,29,7,3.658385008783208,3.5709688278691605,2.4479681881235935,14.43758773495522,14.43758773495522,0.2436540009125466,30.775197688538803,27.650357543839583,0.9862521794868784,0.0448025367982948,0.000509817606442,False,False,False,0.6061347847686265,1.1460422453356611,528.8939279817711,0.00051 us
3.5564803062231287,1000000000000.0,0.6,3.5564803062231287,4.094915062380425,0.538434756157296,1000000000000.0,27,30,0,4.51371356461342,4.45725171832543,1.2667412534915183,12.721635530664132,12.721635530664132,22.978942154366525,74.1011296882301,59.29021835709472,1000.0,1000.0,0.0621939898929729,True,True,False,1720.5028212251154,32.21488970312167,53407.068504052535,0.0622 us
3.5564803062231287,2682695795279.7275,0.6,3.5564803062231287,4.094915062380425,0.538434756157296,2682695795279.7275,27,30,1,4.8151048307255016,4.767221789634191,1.0044223492060973,17.58843055682012,17.58843055682012,170.7909797389427,71.78839035036863,46.19385939816332,1000.0,870.7224849239904,435.79130123970214,True,False,False,589.4558237306442,18.227036711463867,32339.64099934614,436 us
3.5564803062231287,7196856730011.528,0.6,3.5564803062231287,4.094915062380425,0.538434756157296,7196856730011.528,27,30,2,4.972905029512047,4.928366841723844,0.9037108887906016,27.31369229581538,27.31369229581538,81.62508514287221,66.0783315499201,32.36985633602067,691.3203779678128,379.4532847236942,228.4112207303821,False,False,False,198.12359485457912,10.070637733272738,19673.39111007752,228 us
3.5564803062231287,19306977288832.457,0.6,3.5564803062231287,4.094915062380425,0.538434756157296,19306977288832.457,27,30,3,4.763010610844416,4.709775971498084,1.1303008820056306,31.98887196748254,31.98887196748254,51.45443878390925,55.01655000248887,27.37397148898856,228.4112207303821,125.37079874409196,82.76289456246334,False,False,False,64.8291010098794,6.603534164143368,9817.334081785468,82.8 us
3.5564803062231287,51794746792312.02,0.6,3.5564803062231287,4.094915062380425,0.538434756157296,51794746792312.02,27,30,4,4.3204680731829335,4.255201948466799,1.5337961748126114,27.29740764118921,27.29740764118921,24.591304254680413,38.71346802800869,27.133490984789844,68.8137698641567,36.06734951574032,21.710676025372628,False,False,False,20.617417832483795,3.976330677119799,5185.036031112418,21.7 us
3.5564803062231287,138949549437313.6,0.6,3.5564803062231287,4.094915062380425,0.538434756157296,138949549437313.6,27,30,5,3.9466257999809446,3.87318891691986,1.8960315294789376,19.24789694509334,19.24789694509334,2.4478091570444405,30.11285233659286,27.311439152408095,18.0514887922111,8.238187331399601,3.759674965785467,False,False,False,6.346284305252282,2.0947872010541766,3029.5603782850067,3.76 us
3.5564803062231287,372759372031493.8,0.6,3.5564803062231287,4.094915062380425,0.538434756157296,372759372031493.8,27,30,6,3.732497824580553,3.653723730445088,2.155994813703903,15.469136065486763,15.469136065486763,0.7041989785449295,30.15376290535957,27.40687723976808,4.123162591029748,1.242190995452616,0.0026844648109619,False,False,False,1.8482050058379869,1.6195728942639471,1141.1681514205304,0.00268 us
3.5564803062231287,1000000000000000.0,0.6,3.5564803062231287,4.094915062380425,0.538434756157296,1000000000000000.0,27,30,7,3.627488937142585,3.545144992997713,2.3227242978077136,14.15227809260038,14.15227809260038,0.2326662911331458,30.41614408424368,27.45569958113192,0.820026061993413,0.0014734543096198,0.0004868271040122,False,False,False,0.5222071643710893,1.1271708924776291,463.2901433634683,0.000487 us
3.72759372031494,1000000000000.0,0.6,3.72759372031494,4.2919342601287775,0.5643405398138377,1000000000000.0,28,31,0,4.493041735229446,4.441894448083269,1.1514746184085487,11.890745283491391,11.890745283491391,23.234926031196448,70.16056284880801,56.23288866947496,1000.0,1000.0,0.0524289542711248,True,True,False,1453.5114924408315,32.22382742718823,45106.730282898025,0.0524 us
3.72759372031494,2682695795279.7275,0.6,3.72759372031494,4.2919342601287775,0.5643405398138377,2682695795279.7275,28,31,1,4.797136567807227,4.755049794074414,0.8850963829077114,16.924269957693376,16.924269957693376,170.7909797389427,67.99886999586788,43.89088046980843,1000.0,723.9681140910876,330.3985069871855,True,False,False,499.1363517045129,18.148948567534575,27502.218646284786,330 us
3.72759372031494,7196856730011.528,0.6,3.72759372031494,4.2919342601287775,0.5643405398138377,7196856730011.528,28,31,2,4.955882619758176,4.917674581434035,0.776953368740382,26.15755819604951,26.15755819604951,81.62508514287221,62.57361630301211,31.378330839864553,574.8030158125339,301.2714070881158,181.34978041964953,False,False,False,168.20860074876495,10.014026686429869,16797.299030239905,181 us
3.72759372031494,19306977288832.457,0.6,3.72759372031494,4.2919342601287775,0.5643405398138377,19306977288832.457,28,31,3,4.743049482470125,4.6962877829871434,0.9957162261729696,30.45857764369866,30.45857764369866,49.13407286296357,52.05138724553503,27.063155806818273,189.9140582361935,104.24040070215536,65.7105754603627,False,False,False,55.209390509979826,6.557849618104266,8418.825335299422,65.7 us
3.72759372031494,51794746792312.02,0.6,3.72759372031494,4.2919342601287775,0.5643405398138377,51794746792312.02,28,31,4,4.296635762291991,4.237430103659201,1.3972067310717904,25.880220475692735,25.880220475692735,21.41220154815727,36.59048046491682,26.932463390212213,57.215675550632405,29.988442312310248,17.237447080636198,False,False,False,17.620594746506278,3.9308405645335776,4482.65312653226,17.2 us
3.72759372031494,138949549437313.6,0.6,3.72759372031494,4.2919342601287775,0.5643405398138377,138949549437313.6,28,31,5,3.920261689808522,3.852304883935376,1.7640557515718718,18.55144641204771,18.55144641204771,2.337423870891812,29.63876589326733,27.119035281833487,15.009032755797335,6.540805914998247,2.850426320853432,False,False,False,5.4434195536913235,2.0758066183910553,2622.3153474240694,2.85 us
3.72759372031494,372759372031493.8,0.6,3.72759372031494,4.2919342601287775,0.5643405398138377,372759372031493.8,28,31,6,3.70450005121004,3.6307637460240185,2.0308758802268088,15.092330670044868,15.092330670044868,0.6724427423484249,29.802657752712506,27.218997811100586,3.428231493733967,0.9862521794868784,0.0021313624718414,False,False,False,1.5920903266856323,1.6053955471978096,991.7121854888652,0.00213 us
3.72759372031494,1000000000000000.0,0.6,3.72759372031494,4.2919342601287775,0.5643405398138377,1000000000000000.0,28,31,7,3.5983847614003532,3.5208240040005743,2.2029149230876115,13.882403172902476,13.882403172902476,0.2326662911331458,30.07375729803855,27.270105158864627,0.681816229494448,0.0012251135766041,0.000464873370802,False,False,False,0.4526592673506283,1.1088752176917105,408.21479290781366,0.000465 us
3.906939937054617,1000000000000.0,0.6,3.906939937054617,4.498432668969445,0.5914927319148284,1000000000000.0,29,32,0,4.474262001326017,4.428079371081921,1.0429494680175797,11.105792065195672,11.105792065195672,23.493762398526396,66.50762916461525,53.41742914603288,1000.0,913.63091061176,0.0422612630879449,True,False,False,1236.4028919614093,32.244590322116466,38344.50615157497,0.0423 us
3.906939937054617,2682695795279.7275,0.6,3.906939937054617,4.498432668969445,0.5914927319148284,2682695795279.7275,29,32,1,4.781214147641367,4.744593877760804,0.7718314954671159,16.277336417877354,16.277336417877354,170.7909797389427,64.48786341216788,41.811008188101816,1000.0,601.9481973827262,262.3237882163124,True,False,False,425.52486860258153,18.078054876612633,23538.199850973902,262 us
3.906939937054617,7196856730011.528,0.6,3.906939937054617,4.498432668969445,0.5914927319148284,7196856730011.528,29,32,2,4.941070757020973,4.908903284695886,0.6552883701207527,25.05019478929319,25.05019478929319,81.62508514287221,59.32837130398243,30.501762996055216,477.9238649935595,250.49415421745024,150.78450458610482,False,False,False,143.76420739191266,9.961897154240472,14431.40851245555,151 us
3.906939937054617,19306977288832.457,0.6,3.906939937054617,4.498432668969445,0.5914927319148284,19306977288832.457,29,32,3,4.725335034780837,4.684792065221956,0.8654166288373066,29.017948381866816,29.017948381866816,46.91834510607799,49.31386516388769,26.776772817466497,165.36244070941788,86.67138797389224,54.635503522148646,False,False,False,47.32525289010691,6.513896184573515,7265.275888520388,54.6 us
3.906939937054617,51794746792312.02,0.6,3.906939937054617,4.498432668969445,0.5914927319148284,51794746792312.02,29,32,4,4.274909952127787,4.221519189157126,1.2647286575836034,24.5726448058341,24.5726448058341,15.50175117335769,34.668383283389744,26.739492707291472,47.5723613918789,24.934093699518804,14.332192255035707,False,False,False,15.155744330662166,3.8872610568632666,3898.82338977556,14.3 us
3.906939937054617,138949549437313.6,0.6,3.906939937054617,4.498432668969445,0.5914927319148284,138949549437313.6,29,32,5,3.8958131305675856,3.8330833185325854,1.6365366161415813,17.909791107277332,17.909791107277332,2.23201646929523,29.202174139536456,26.9349755165286,13.068702297433475,5.438397428464791,2.2631295683995294,False,False,False,4.698123473824344,2.058265650312845,2282.5641933587417,2.26 us
3.906939937054617,372759372031493.8,0.6,3.906939937054617,4.498432668969445,0.5914927319148284,372759372031493.8,29,32,6,3.6782734192815343,3.609312618534286,1.9106352936325213,14.739740880459658,14.739740880459658,0.6724427423484249,29.466905639402363,27.039641413648987,2.985038245118729,0.7830465404301182,0.0018558252277555,False,False,False,1.37980092361543,1.59146857230286,866.998536841261,0.00186 us
3.906939937054617,1000000000000000.0,0.6,3.906939937054617,4.498432668969445,0.5914927319148284,1000000000000000.0,29,32,7,3.5709688278691605,3.49792293872111,2.0882646767157462,13.62337556799985,13.62337556799985,0.2326662911331458,29.747169051996476,27.093128150300664,0.5669007271207434,0.0010667339377348,0.000464873370802,False,False,False,0.394666271334032,1.0911503220566692,361.6974337597591,0.000465 us
4.094915062380425,1000000000000.0,0.6,4.094915062380425,4.714866363457394,0.619951301076969,1000000000000.0,30,33,0,4.45725171832543,4.415700768618251,0.9409820068079426,10.364452573460156,10.364452573460156,23.755483224413226,63.11795183648372,50.822025750522656,1000.0,697.0215938909904,0.0325779247147967,True,False,False,1058.6430948403822,32.27707166437209,32798.61029056512,0.0326 us
4.094915062380425,2682695795279.7275,0.6,4.094915062380425,4.714866363457394,0.619951301076969,2682695795279.7275,30,33,1,4.767221789634191,4.735754581798832,0.6644602732646034,15.648433114463115,15.648433114463115,170.7909797389427,61.23219761274027,39.93347812668036,1000.0,500.4939102700954,208.275063019051,True,False,False,365.1231713407648,18.014289664385505,20268.530047155746,208 us
4.094915062380425,7196856730011.528,0.6,4.094915062380425,4.714866363457394,0.619951301076969,7196856730011.528,30,33,2,4.928366841723844,4.901967225070113,0.5385514721256898,23.99079063490278,23.99079063490278,81.62508514287221,56.32072447169153,29.72133498437976,416.13905533166985,208.275063019051,125.37079874409196,False,False,False,123.6563667354208,9.914067724170316,12472.818441006695,125 us
4.094915062380425,19306977288832.457,0.6,4.094915062380425,4.714866363457394,0.619951301076969,19306977288832.457,30,33,3,4.709775971498084,4.675215904204552,0.7392186372066762,27.662269496129554,27.662269496129554,44.802536798294895,46.784177348881336,26.511328609846608,137.49172258064206,72.0635132129306,43.37850187558984,False,False,False,40.821050361445344,6.471677753925763,6307.64570078957,43.4 us
4.094915062380425,51794746792312.02,0.6,4.094915062380425,4.714866363457394,0.619951301076969,51794746792312.02,30,33,4,4.255201948466799,4.207399828408675,1.136143984590216,23.390634888899424,23.390634888899424,11.222773562085072,33.17780488154485,26.5541438916359,41.422324724838894,20.73162127401227,11.37921293915314,False,False,False,13.115372896655748,3.8455632368282,3410.5206673114644,11.4 us
4.094915062380425,138949549437313.6,0.6,4.094915062380425,4.714866363457394,0.619951301076969,138949549437313.6,30,33,5,3.87318891691986,3.815452427299413,1.5132278732489055,17.31748115439194,17.31748115439194,2.23201646929523,28.79784704136224,26.758829298161952,10.866061138545955,4.521792417370702,1.7158089856100032,False,False,False,4.079021399489988,2.0420265340465535,1997.5359435740788,1.72 us
4.094915062380425,372759372031493.8,0.6,4.094915062380425,4.714866363457394,0.619951301076969,372759372031493.8,30,33,6,3.653723730445088,3.5892953773182787,1.7950139610673637,14.40420908817615,14.40420908817615,0.6724427423484249,29.14568707194197,26.8683819045746,2.481930289186253,0.6217090286163821,0.001692220351641,False,False,False,1.2027526594199502,1.577801115281399,762.2967481585539,0.00169 us
4.094915062380425,1000000000000000.0,0.6,4.094915062380425,4.714866363457394,0.619951301076969,1000000000000000.0,30,33,7,3.545144992997713,3.47636469849178,1.9785120512751029,13.374793908560392,13.374793908560392,0.2326662911331458,29.43555850079062,26.924345038207687,0.4936132098237917,0.0009726933615426,0.0004439096531392,False,False,False,0.3460192378353093,1.073990250304961,322.18098603507497,0.000444 us
4.2919342601287775,1000000000000.0,0.6,4.2919342601287775,4.941713361323834,0.6497791011950564,1000000000000.0,31,34,0,4.441894448083269,4.404657570258528,0.8453977915599469,9.6644957860611,9.6644957860611,24.02012083123084,59.97020334876685,48.428086773474824,1000.0,556.5960995982451,0.0,True,False,False,912.142665966564,32.321174776974885,28221.210158993377,<10% threshold not exceeded
4.2919342601287775,2682695795279.7275,0.6,4.2919342601287775,4.941713361323834,0.6497791011950564,2682695795279.7275,31,34,1,4.755049794074414,4.72843674643663,0.5628297271364715,15.038161314737108,15.038161314737108,170.7909797389427,58.210952153581054,38.23465357134292,911.8425196146562,416.13905533166985,165.36244070941788,False,False,False,315.2386777944587,17.95758444415214,17554.62594509005,165 us
4.2919342601287775,7196856730011.528,0.6,4.2919342601287775,4.941713361323834,0.6497791011950564,7196856730011.528,31,34,2,4.917674581434035,4.896785069292706,0.4265964677994085,22.978320562756917,22.978320562756917,81.62508514287221,53.531654552388815,29.02153542785872,346.0016392185109,181.34978041964953,99.53962309984244,False,False,False,107.00988745655866,9.870370116239153,10841.52733852416,99.5 us
4.2919342601287775,19306977288832.457,0.6,4.2919342601287775,4.941713361323834,0.6497791011950564,19306977288832.457,31,34,3,4.6962877829871434,4.667491319240497,0.616958056846093,26.386960776061503,26.386960776061503,42.78214201767613,44.44456876842595,26.26422002111094,119.71713434189655,62.74732129711575,36.06734951574032,False,False,False,35.42149287066675,6.431197913836384,5507.759727695407,36.1 us
4.2919342601287775,51794746792312.02,0.6,4.2919342601287775,4.941713361323834,0.6497791011950564,51794746792312.02,31,34,4,4.237430103659201,4.195007983844796,1.0112524213964476,22.321211573036667,22.321211573036667,9.771921283717996,31.967086089325104,26.376003250287297,36.06734951574032,17.237447080636198,9.46132375589076,False,False,False,11.415973484984312,3.805718079628585,2999.6897421520093,9.46 us
4.2919342601287775,138949549437313.6,0.6,4.2919342601287775,4.941713361323834,0.6497791011950564,138949549437313.6,31,34,5,3.852304883935376,3.7993458549017447,1.3938986092910328,16.77124513050175,16.77124513050175,2.1313624718414332,28.42187802197523,26.5901874279813,9.46132375589076,3.759674965785467,1.3008537010905707,False,False,False,3.561648789487328,2.0269604789192877,1757.1377570155134,1.3 us
4.2919342601287775,372759372031493.8,0.6,4.2919342601287775,4.941713361323834,0.6497791011950564,372759372031493.8,31,34,6,3.6307637460240185,3.5706424627231304,1.68376654701622,14.086753565105996,14.086753565105996,0.6421185709064758,28.838227771959595,26.704814492082935,2.1610725088083766,0.4936132098237917,0.0015430384691835,False,False,False,1.0542253188823212,1.5644016081012715,673.884067507348,0.00154 us
4.2919342601287775,1000000000000000.0,0.6,4.2919342601287775,4.941713361323834,0.6497791011950564,1000000000000000.0,31,34,7,3.5208240040005743,3.456077548478408,1.873408643584177,13.136273419157767,13.136273419157767,0.2326662911331458,29.13814928708185,26.763353662668237,0.4104180502904709,0.0009288292250172,0.0004238913057338,False,False,False,0.3049790448671857,1.0573881678958996,288.4267614551283,0.000424 us
4.498432668969445,1000000000000.0,0.6,4.498432668969445,5.17947467923121,0.6810420102617645,1000000000000.0,32,35,0,4.428079371081921,4.394852962141261,0.7560300475780262,9.003782532999056,9.003782532999056,24.287707899370695,57.04415401330032,46.219283117092054,1000.0,444.6701283284893,0.0,True,False,False,790.644081098412,32.37681180054937,24420.07217909567,<10% threshold not exceeded
4.498432668969445,2682695795279.7275,0.6,4.498432668969445,5.17947467923121,0.6810420102617645,2682695795279.7275,32,35,1,4.744593877760804,4.72254904821826,0.4667993771469382,14.446940235466489,14.446940235466489,170.7909797389427,55.404882279140445,36.694941910622944,793.9617845382259,346.0016392185109,125.37079874409196,False,False,False,273.7839381233017,17.907868703045793,15288.471378882525,125 us
4.498432668969445,7196856730011.528,0.6,4.498432668969445,5.17947467923121,0.6810420102617645,7196856730011.528,32,35,2,4.908903284695886,4.893279364017765,0.3192934536501032,22.01165685124869,22.01165685124869,77.94415750404951,50.94388520429477,28.39205230551815,301.2714070881158,150.78450458610482,82.76289456246334,False,False,False,93.14453097014506,9.830649179687502,9474.911500514552,82.8 us
4.498432668969445,19306977288832.457,0.6,4.498432668969445,5.17947467923121,0.6810420102617645,19306977288832.457,32,35,3,4.684792065221956,4.661554759102862,0.4984883224575661,25.187602413806744,25.187602413806744,40.85285803928557,42.27952709260585,26.03316568736308,99.53962309984244,52.17168575554354,29.988442312310248,False,False,False,30.91198828377461,6.392459796245936,4835.695376907668,30 us
4.498432668969445,51794746792312.02,0.6,4.498432668969445,5.17947467923121,0.6810420102617645,51794746792312.02,32,35,4,4.221519189157126,4.1842844923249,0.8898701056423094,21.3458762561014,21.3458762561014,8.910453324821503,30.940627704218933,26.20467726939461,29.988442312310248,14.332192255035707,7.511929493320969,False,False,False,9.992224379783826,3.767696483698339,2652.0778473046066,7.51 us
4.498432668969445,138949549437313.6,0.6,4.498432668969445,5.17947467923121,0.6810420102617645,138949549437313.6,32,35,5,3.8330833185325854,3.7847022479080943,1.2783322823144847,16.259746748537765,16.259746748537765,2.1313624718414332,28.07080431173498,26.428660890825057,8.238187331399601,3.126007243068704,0.9862521794868784,False,False,False,3.126799625026404,2.012949639029944,1553.3422021095537,0.986 us
4.498432668969445,372759372031493.8,0.6,4.498432668969445,5.17947467923121,0.6810420102617645,372759372031493.8,32,35,6,3.609312618534286,3.5532893038757263,1.5766606619239214,13.79140439009758,13.79140439009758,0.6421185709064758,28.54379583670241,26.548554558741404,1.8816944249705556,0.3742366290721977,0.0014734543096198,False,False,False,0.9289227464475578,1.5512778022511688,598.8113444926062,0.00147 us
4.498432668969445,1000000000000000.0,0.6,4.498432668969445,5.17947467923121,0.6810420102617645,1000000000000000.0,32,35,7,3.49792293872111,3.436994700620851,1.772718418484999,12.91370563671672,12.91370563671672,0.2221740781062882,28.854206794655568,26.60977204599435,0.3573602246065788,0.0008469459808314,0.0004047756965997,False,False,False,0.2701674875286075,1.0413365187479768,259.4430164164762,0.000405 us
4.714866363457394,1000000000000.0,0.6,4.714866363457394,5.428675439323859,0.7138090758664655,1000000000000.0,33,36,0,4.415700768618251,4.38619405184384,0.6727179970983934,8.381237450100997,8.381237450100997,25.688039576468537,54.32258866726346,44.17971954463165,1000.0,339.78684918108996,0.0,True,False,False,689.2729569993867,32.44390262889635,21245.06921634889,<10% threshold not exceeded
4.714866363457394,2682695795279.7275,0.6,4.714866363457394,5.428675439323859,0.7138090758664655,2682695795279.7275,33,36,1,4.735754581798832,4.7180035950269446,0.3762393651119924,13.875026245821934,13.875026245821934,170.7909797389427,52.79687859875458,35.30001512658071,691.3203779678128,287.68540901905857,99.53962309984244,False,False,False,239.1294138594322,17.865070374582125,13385.304890802903,99.5 us
4.714866363457394,7196856730011.528,0.6,4.714866363457394,5.428675439323859,0.7138090758664655,7196856730011.528,33,36,2,4.901967225070113,4.891376076092257,0.21652698163244,21.08941238488034,21.08941238488034,77.94415750404951,48.54211054367394,27.822086341348385,262.3237882163124,125.37079874409196,68.8137698641567,False,False,False,81.52796495343057,9.794762672094317,8323.628420901625,68.8 us
4.714866363457394,19306977288832.457,0.6,4.714866363457394,5.428675439323859,0.7138090758664655,19306977288832.457,33,36,3,4.675215904204552,4.657346645691246,0.383678945818598,24.06000842871599,24.06000842871599,37.2513730080021,40.27550407274035,25.81587740240384,86.67138797389224,43.37850187558984,24.934093699518804,False,False,False,27.12412678966399,6.355465952701797,4267.842356724946,24.9 us
4.714866363457394,51794746792312.02,0.6,4.714866363457394,5.428675439323859,0.7138090758664655,51794746792312.02,33,36,4,4.207399828408675,4.175174643974405,0.7718284187411725,20.45098422929804,20.45098422929804,8.508631582640565,30.052558984298106,26.03979153533691,26.111611009174624,12.479362054713114,6.2458447124396175,False,False,False,8.79268934372933,3.7314693039811417,2356.3611616336557,6.25 us
4.714866363457394,138949549437313.6,0.6,4.714866363457394,5.428675439323859,0.7138090758664655,138949549437313.6,33,36,5,3.815452427299413,3.7714648594097646,1.1663258052079777,15.787961442587315,15.787961442587315,2.035247521183571,27.746644601238284,26.27387975640208,6.84969671635744,2.599139918382933,0.7477346305177581,False,False,False,2.759297789057896,1.9998881012529095,1379.7260893393102,0.748 us
4.714866363457394,372759372031493.8,0.6,4.714866363457394,5.428675439323859,0.7138090758664655,372759372031493.8,33,36,6,3.5892953773182787,3.5371759356467103,1.473476089959866,13.50975292102381,13.50975292102381,0.6421185709064758,28.261699085829804,26.399236557266676,1.5645475886160958,0.2971295818577334,0.0014070080856026,False,False,False,0.8226442569378755,1.5384368025340156,534.7273645448861,0.00141 us
4.714866363457394,1000000000000000.0,0.6,4.714866363457394,5.428675439323859,0.7138090758664655,1000000000000000.0,33,36,7,3.47636469849178,3.4190539348315188,1.67621701068853,12.700064394070926,12.700064394070926,0.2221740781062882,28.58303558501388,26.46323728930317,0.2971295818577334,0.000808752490877,0.0003865221162631,False,False,False,0.2404855082926011,1.0258271649185675,234.4308247205477,0.000387 us
4.941713361323834,1000000000000.0,0.6,4.941713361323834,5.428675439323859,0.4869620780000252,1000000000000.0,34,36,0,4.404657570258528,4.38619405184384,0.4209462280157479,5.326054467647055,5.326054467647055,26.869774480789967,32.18136434877896,26.270446623168503,1000.0,0.0440684401550134,0.0,True,False,False,689.2729569993867,32.44390262889635,21245.06921634889,<10% threshold not exceeded
4.941713361323834,2682695795279.7275,0.6,4.941713361323834,5.428675439323859,0.4869620780000252,2682695795279.7275,34,36,1,4.72843674643663,4.7180035950269446,0.2211348762150932,9.15904713899842,9.15904713899842,170.7909797389427,31.27860037838498,21.258423501077107,548.8819609789678,165.36244070941788,0.0,False,False,False,239.1294138594322,17.865070374582125,13385.304890802903,<10% threshold not exceeded
4.941713361323834,7196856730011.528,0.6,4.941713361323834,5.428675439323859,0.4869620780000252,7196856730011.528,34,36,2,4.896785069292706,4.891376076092257,0.1105822393597152,13.497897273859252,13.497897273859252,77.94415750404951,28.7477139462088,17.352190757029007,218.11089241915155,86.67138797389224,26.111611009174624,False,False,False,81.52796495343057,9.794762672094317,8323.628420901625,26.1 us
4.941713361323834,19306977288832.457,0.6,4.941713361323834,5.428675439323859,0.4869620780000252,19306977288832.457,34,36,3,4.667491319240497,4.657346645691246,0.2178208821676966,14.950401407608211,14.950401407608211,33.9673858227221,23.860583458699853,16.44973448580099,72.0635132129306,29.988442312310248,11.37921293915314,False,False,False,27.12412678966399,6.355465952701797,4267.842356724946,11.4 us
4.941713361323834,51794746792312.02,0.6,4.941713361323834,5.428675439323859,0.4869620780000252,51794746792312.02,34,36,4,4.195007983844796,4.175174643974405,0.4750301858394113,12.587653659168035,12.587653659168035,7.408656834939568,18.55564386899528,16.632137298919663,21.710676025372628,7.866681790071574,1.7968383907677197,False,False,False,8.79268934372933,3.7314693039811417,2356.3611616336557,1.8 us
4.941713361323834,138949549437313.6,0.6,4.941713361323834,5.428675439323859,0.4869620780000252,138949549437313.6,34,36,5,3.7993458549017447,3.7714648594097646,0.739261706825063,9.923863506821348,9.923863506821348,1.9434669265360145,17.64304918858252,16.779741279970324,5.695226779712819,1.242190995452616,0.0,False,False,False,2.759297789057896,1.9998881012529095,1379.7260893393102,<10% threshold not exceeded
4.941713361323834,372759372031493.8,0.6,4.941713361323834,5.428675439323859,0.4869620780000252,372759372031493.8,34,36,6,3.5706424627231304,3.5371759356467103,0.9461369093675376,8.644013711251306,8.644013711251306,0.6131618844795769,17.964409910433364,16.858765993537077,1.1861737164524766,0.0020352475211835,0.0,False,False,False,0.8226442569378755,1.5384368025340156,534.7273645448861,<10% threshold not exceeded
4.941713361323834,1000000000000000.0,0.6,4.941713361323834,5.428675439323859,0.4869620780000252,1000000000000000.0,34,36,7,3.456077548478408,3.4190539348315188,1.0828613514900345,8.192727102792313,8.192727102792313,0.2221740781062882,18.164955484731312,16.899100307264373,0.1788566161883461,0.000509817606442,0.0,False,False,False,0.2404855082926011,1.0258271649185675,234.4308247205477,<10% threshold not exceeded
5.17947467923121,1000000000000.0,0.6,5.17947467923121,5.689866029018296,0.5103913497870858,1000000000000.0,35,37,0,4.394852962141261,4.378591585532223,0.3713837267392126,4.950843380615122,4.950843380615122,27.166559925513425,30.799259921249178,25.256002157648823,1000.0,0.0,0.0,True,False,False,604.2067369764529,32.5223739962875,18578.186729093773,<10% threshold not exceeded
5.17947467923121,2682695795279.7275,0.6,5.17947467923121,5.689866029018296,0.5103913497870858,2682695795279.7275,35,37,1,4.72254904821826,4.71471557478808,0.1661494379866836,8.787652388262915,8.787652388262915,170.7909797389427,29.957895452410245,20.594426746256357,477.9238649935595,131.29145852124654,0.0,False,False,False,209.994540780869,17.829116293375037,11778.179990833254,<10% threshold not exceeded
5.17947467923121,7196856730011.528,0.6,5.17947467923121,5.689866029018296,0.5103913497870858,7196856730011.528,35,37,2,4.893279364017765,4.891004181738306,0.0465176923780425,12.94052785699616,12.94052785699616,77.94415750404951,27.53655465691347,17.080140237336348,189.9140582361935,72.0635132129306,19.796717529513284,False,False,False,71.74085833644294,9.762580864268614,7348.554581403468,19.8 us
5.17947467923121,19306977288832.457,0.6,5.17947467923121,5.689866029018296,0.5103913497870858,19306977288832.457,35,37,3,4.661554759102862,4.654810960321514,0.1448780377728185,14.317278578999954,14.317278578999954,30.972906673314064,22.87668823437962,16.331004190889253,62.74732129711575,26.111611009174624,9.034660211810516,False,False,False,23.92488475680664,6.320218255184088,3785.452304148282,9.03 us
5.17947467923121,51794746792312.02,0.6,5.17947467923121,5.689866029018296,0.5103913497870858,51794746792312.02,35,37,4,4.1842844923249,4.167627799863695,0.3996684267666778,12.124127508432087,12.124127508432087,7.0745594228198785,18.161049896307237,16.53592775336956,18.903973778192235,6.540805914998247,1.242190995452616,False,False,False,7.776607134273848,3.697007387697396,2103.487042020045,1.24 us
5.17947467923121,138949549437313.6,0.6,5.17947467923121,5.689866029018296,0.5103913497870858,138949549437313.6,35,37,5,3.7847022479080943,3.7595811902946505,0.668187660856821,9.668702936881097,9.668702936881097,1.9434669265360145,17.469824790129383,16.690115834682494,4.958962013837212,0.9862521794868784,0.0,False,False,False,2.4470762105034005,1.9876820717734536,1231.1205324300508,<10% threshold not exceeded
5.17947467923121,372759372031493.8,0.6,5.17947467923121,5.689866029018296,0.5103913497870858,372759372031493.8,35,37,6,3.5532893038757263,3.5222466508709864,0.8813310390135359,8.48483106704207,8.48483106704207,0.6131618844795769,17.80188194537795,16.772727651482704,1.0328281259410277,0.0018558252277555,0.0,False,False,False,0.7320374929852485,1.5258851005515528,479.7461438745573,<10% threshold not exceeded
5.17947467923121,1000000000000000.0,0.6,5.17947467923121,5.689866029018296,0.5103913497870858,1000000000000000.0,35,37,7,3.436994700620851,3.4021972545926435,1.0227933133869354,8.065081778157602,8.065081778157602,0.2221740781062882,18.00966833058761,16.814893411732346,0.1487115462808954,0.0004868271040122,0.0,False,False,False,0.215051364218156,1.0108515092904058,212.74278392196004,<10% threshold not exceeded
5.428675439323859,1000000000000.0,0.6,5.428675439323859,5.963623316594643,0.5349478772707839,1000000000000.0,36,38,0,4.38619405184384,4.371959713025115,0.3255825705876852,4.596903550142878,4.596903550142878,27.466625497545632,29.504348996672864,24.314242653575413,874.0235708751455,0.0,0.0,False,False,False,532.428299199984,32.61215870361376,16326.067343128245,<10% threshold not exceeded
5.428675439323859,2682695795279.7275,0.6,5.428675439323859,5.963623316594643,0.5349478772707839,2682695795279.7275,36,38,1,4.7180035950269446,4.712602953727739,0.114599964228569,8.430579826313302,8.430579826313302,170.7909797389427,28.72202416378226,19.98666185273621,416.13905533166985,109.16317341936126,0.0,False,False,False,185.3665467986316,17.79993262857604,10413.890359396297,<10% threshold not exceeded
5.428675439323859,7196856730011.528,0.6,5.428675439323859,5.963623316594643,0.5349478772707839,7196856730011.528,36,38,2,4.891376076092257,4.892095300391135,-0.014701763860176,12.410101763665518,12.410101763665518,74.42922330043758,26.407223764389208,16.82914048286954,165.36244070941788,59.91769669310613,15.009032755797335,False,False,False,63.450803552811216,9.733986012101065,6518.481069721145,15 us
5.428675439323859,19306977288832.457,0.6,5.428675439323859,5.963623316594643,0.5349478772707839,19306977288832.457,36,38,3,4.657346645691246,4.6538948682549455,0.0741696478759224,13.722236018473549,13.722236018473549,28.242413260784357,21.982900258156572,16.21728143715483,54.635503522148646,21.710676025372628,6.84969671635744,False,False,False,21.20853359351897,6.286717819925396,3373.5462925184456,6.85 us
5.428675439323859,51794746792312.02,0.6,5.428675439323859,5.963623316594643,0.5349478772707839,51794746792312.02,36,38,4,4.175174643974405,4.161597044433405,0.3262593517832588,11.692733635308866,11.692733635308866,6.755528315331639,17.803950701042478,16.44312485393244,16.460115023085496,5.695226779712819,0.820026061993413,False,False,False,6.911478048192603,3.6642816123003894,1886.1754579647784,0.82 us
5.428675439323859,138949549437313.6,0.6,5.428675439323859,5.963623316594643,0.5349478772707839,138949549437313.6,36,38,5,3.7714648594097646,3.749002663461716,0.5991512400609372,9.427411341543191,9.427411341543191,1.855825227755519,17.302729985243463,16.604095103469184,4.317879727332021,0.7830465404301182,0.0,False,False,False,2.1804821551841167,1.976249478856668,1103.3435699857107,<10% threshold not exceeded
5.428675439323859,372759372031493.8,0.6,5.428675439323859,5.963623316594643,0.5349478772707839,372759372031493.8,36,38,6,3.5371759356467103,3.5084496843040096,0.8187733593904815,8.33236713506532,8.33236713506532,0.6131618844795769,17.64585347906163,16.69042337947056,0.8993066723187614,0.0017721357790803,0.0,False,False,False,0.6544112328499735,1.5136286072280245,432.3459729321752,<10% threshold not exceeded
5.428675439323859,1000000000000000.0,0.6,5.428675439323859,5.963623316594643,0.5349478772707839,1000000000000000.0,36,38,7,3.4190539348315188,3.3863705735109297,0.9651442631898356,7.942329250762587,7.942329250762587,0.2121550171362448,17.86114630980356,16.734490075674273,0.1236472235053715,0.0004868271040122,0.0,False,False,False,0.1931535527525339,0.9964006026203988,193.85130061600344,<10% threshold not exceeded
5.689866029018296,1000000000000.0,0.6,5.689866029018296,6.250551925273971,0.5606858962556753,1000000000000.0,37,39,0,4.378591585532223,4.3662157962686114,0.2834442877099155,4.281629814388918,4.281629814388918,357.66311365348184,28.290549014842227,23.438306759828016,730.6286833101246,0.0,0.0,False,False,False,471.541403736142,32.713194970560615,14414.40997005928,<10% threshold not exceeded
5.689866029018296,2682695795279.7275,0.6,5.689866029018296,6.250551925273971,0.5606858962556753,2682695795279.7275,37,39,1,4.71471557478808,4.711586220153246,0.0664182822644219,8.087521567490755,8.087521567490755,170.7909797389427,27.56499420192549,19.428256044547243,362.341632332315,86.67138797389224,0.0,False,False,False,164.43950950107958,17.777445293359992,9249.895403278162,<10% threshold not exceeded
5.689866029018296,7196856730011.528,0.6,5.689866029018296,6.250551925273971,0.5606858962556753,7196856730011.528,37,39,2,4.891004181738306,4.89458336926399,-0.0731254788335828,11.905411523714642,11.905411523714642,74.42922330043758,25.35508127091602,16.597046232725212,143.98479528760095,52.17168575554354,10.866061138545955,False,False,False,56.392693919294665,9.70887173245587,5808.367385344998,10.9 us
5.689866029018296,19306977288832.457,0.6,5.689866029018296,6.250551925273971,0.5606858962556753,19306977288832.457,37,39,3,4.654810960321514,4.654548377506369,0.0056414241264256,13.16313392018017,13.16313392018017,26.968806263906924,21.172189285928404,16.108045624514215,49.81897519205165,18.903973778192235,5.438397428464791,False,False,False,18.89053379457184,6.254964951517479,3020.086274022834,5.44 us
5.689866029018296,51794746792312.02,0.6,5.689866029018296,6.250551925273971,0.5606858962556753,51794746792312.02,37,39,4,4.167627799863695,4.157038868977479,0.2547229222521097,11.291366293016369,11.291366293016369,6.755528315331639,17.47838162120619,16.35353810846634,14.332192255035707,4.735334922917111,0.4936132098237917,False,False,False,6.171236183573983,3.6332629251873048,1698.5382865612014,0.494 us
5.689866029018296,138949549437313.6,0.6,5.689866029018296,6.250551925273971,0.5606858962556753,138949549437313.6,37,39,5,3.7595811902946505,3.7396843276337353,0.5320465824853315,9.20273401339444,9.20273401339444,1.855825227755519,17.141439809488762,16.521491197710397,3.759674965785467,0.6217090286163821,0.0,False,False,False,1.9517493871890388,1.965519197328541,992.9943140935902,<10% threshold not exceeded
5.689866029018296,372759372031493.8,0.6,5.689866029018296,6.250551925273971,0.5606858962556753,372759372031493.8,37,39,6,3.5222466508709864,3.495736925162763,0.7583444142321816,8.186321774522893,8.186321774522893,0.6131618844795769,17.495986017262542,16.61166794704316,0.7830465404301182,0.001692220351641,0.0,False,False,False,0.5875927011562646,1.5016726838592644,391.29212875216245,<10% threshold not exceeded
5.689866029018296,1000000000000000.0,0.6,5.689866029018296,6.250551925273971,0.5606858962556753,1000000000000000.0,37,39,7,3.4021972545926435,3.3715234297586982,0.9097912404583294,7.8266052589861,7.8266052589861,0.2121550171362448,17.71904833638359,16.65770673915122,0.1076624177045493,0.000464873370802,0.0,False,False,False,0.1742147428717281,0.9824652361501364,177.32407871692396,<10% threshold not exceeded
5.963623316594643,1000000000000.0,0.6,5.963623316594643,6.551285568595508,0.5876622520008645,1000000000000.0,38,40,0,4.371959713025115,4.361280256574665,0.244869758928016,4.083261745614459,4.083261745614459,344.85082712691303,27.152228459339895,22.623108463314473,638.9765246619824,0.0,0.0,False,False,False,419.63151616592575,32.825425901079214,12783.734091691693,<10% threshold not exceeded
5.963623316594643,2682695795279.7275,0.6,5.963623316594643,6.551285568595508,0.5876622520008645,2682695795279.7275,38,40,1,4.712602953727739,4.711588169766374,0.0215380445998528,7.7581333123559455,7.7581333123559455,170.7909797389427,26.48137754251972,18.9140830265223,315.4990064958082,72.0635132129306,0.0,False,False,False,146.56830521191375,17.761580328270597,8251.985606180842,<10% threshold not exceeded
5.963623316594643,7196856730011.528,0.6,5.963623316594643,6.551285568595508,0.5876622520008645,7196856730011.528,38,40,2,4.892095300391135,4.898404354994336,-0.1287981584608946,11.42528805415425,11.42528805415425,74.42922330043758,24.37413321366684,16.38114834067455,125.37079874409196,43.37850187558984,7.173174944465612,False,False,False,50.35385844642906,9.6871423154273,5198.009568439787,7.17 us
5.963623316594643,19306977288832.457,0.6,5.963623316594643,6.551285568595508,0.5876622520008645,19306977288832.457,38,40,3,4.6538948682549455,4.656724028349882,-0.0607543001842677,12.637524812542514,12.637524812542514,25.752633267711985,20.436433212059185,16.002913262566484,43.37850187558984,15.71783717773161,4.123162591029748,False,False,False,16.902898356528294,6.224959104908707,2715.3428756181656,4.12 us
5.963623316594643,51794746792312.02,0.6,5.963623316594643,6.551285568595508,0.5876622520008645,51794746792312.02,38,40,4,4.161597044433405,4.153912882863171,0.1849861031495059,10.91675108609828,10.91675108609828,6.450884089267686,17.17981525699128,16.266985965949292,13.068702297433475,4.123162591029748,0.2054117348353064,False,False,False,5.5348571710186425,3.6039223846427912,1535.787006569299,0.205 us
5.963623316594643,138949549437313.6,0.6,5.963623316594643,6.551285568595508,0.5876622520008645,138949549437313.6,38,40,5,3.749002663461716,3.7315845877611697,0.4667742427083993,8.98924271470887,8.98924271470887,1.855825227755519,16.985646879593034,16.44212503228004,3.2736335287152407,0.4936132098237917,0.0,False,False,False,1.7545946291159846,1.9554300639490936,897.2934708656819,<10% threshold not exceeded
5.963623316594643,372759372031493.8,0.6,5.963623316594643,6.551285568595508,0.5876622520008645,372759372031493.8,38,40,6,3.5084496843040096,3.4840636554158904,0.6999306356016709,8.04640447536406,8.04640447536406,0.6131618844795769,17.35195804259751,16.5362848831086,0.681816229494448,0.0016159087538959,0.0,False,False,False,0.5298180676682684,1.4900221713328972,355.5773047285064,<10% threshold not exceeded
5.963623316594643,1000000000000000.0,0.6,5.963623316594643,6.551285568595508,0.5876622520008645,1000000000000000.0,38,40,7,3.3863705735109297,3.357608725655259,0.8566170213909267,7.715055229148102,7.715055229148102,0.2121550171362448,17.583050152693904,16.584368606925832,0.089516647213783,0.000464873370802,0.0,False,False,False,0.1577639628126647,0.9690360211482026,162.8050550956109,<10% threshold not exceeded
